appid	title_tw	year
1245620	艾爾登法環	2022
1374490	RuneScape: Dragonwilds 符文世界：龍之荒野	2026
2406770	Bodycam	2024
3764200	Resident Evil Requiem	2026
3768760	007 初露鋒芒	2026
892970	Valheim	2026
2767030	漫威爭鋒	2024
1478500	Big Walk	2026
1203220	NARAKA: BLADEPOINT	2021
3751260	The Blood of Dawnwalker 黎明行者之血	2026
553850	HELLDIVERS™ 2	2024
2050650	Resident Evil 4	2023
294100	RimWorld	2018
1222670	The Sims™ 4	2020
275850	No Man's Sky 無人深空	2016
2483190	Forza Horizon 6	2026
4570720	龍之劍:覺醒	2026
4030150	幻世錄 重製版	2026
359550	《虹彩六號：圍攻行動》	2015
2798330	地城拓荒 Dungeon Settlers	2026
2622000	Astral Party	2024
3557620	蔚藍檔案	2025
1144200	Ready or Not	2023
3321460	赤血沙漠：強化版	2026
2357570	《鬥陣特攻®》	2023
381210	Dead by Daylight	2016
3308670	少女前線2：追放	2025
4162040	絕區零	2026
2139460	Once Human	2024
2344520	《暗黑破壞神® IV》	2023
230410	Warframe	2013
4025700	心動小鎮	2026
1426210	雙人成行	2021
3681010	仁王３	2026
1984270	數碼寶貝物語 時空異客	2025
1364780	Street Fighter 6	2023
4704690	MECCHA CHAMELEON	2026
872410	三國志14	2026
4108000	機械狂歡	2026
2001120	雙影奇境	2025
1903340	光與影：33號遠征隊	2025
3357650	PRAGMATA	2026
835570	戰意	2020
3513350	Wuthering Waves	2025
985810	GrandChase	2021
960170	DJMAX RESPECT V	2020
3447040	空之軌跡 the 1st	2025
3240220	Grand Theft Auto V 強化版	2025
3932890	Escape from Tarkov	2025
1285190	邊緣禁地®4	2025
1049590	永恆輪迴	2023
3070070	TCG卡牌店模擬器	2026
227300	Euro Truck Simulator 2	2012
2537590	Microsoft Flight Simulator 2024	2024
1627720	Lies of P	2023
252490	Rust	2018
1850570	DEATH STRANDING DIRECTOR'S CUT	2022
2456740	inZOI	2025
1623730	Palworld / 幻獸帕魯	2026
578080	PUBG: BATTLEGROUNDS	2017
4656000	BOMBANANA!	2026
2246340	Monster Hunter Wilds	2025
3028330	戰地風雲™ 禁區衝突	2025
1295660	席德·梅爾的文明帝國VII	2025
1062090	河狸浮生記 Timberborn	2026
3812600	ReStory: Chill Electronics Repairs	2026
4557380	鬥靈對決	2026
1449850	Yu-Gi-Oh! Master Duel	2022
3971950	In Falsus	2026
4172690	1根香腸走江湖	2026
1973530	Limbus Company	2023
2807960	戰地風雲™ 6	2025
413150	Stardew Valley	2016
3892270	Gamble With Your Friends	2026
3008130	Dying Light: The Beast	2025
949230	Cities: Skylines II	2023
4282500	hololive Dreams	2026
3947460	公會創世紀	2026
269210	Hero Siege	2014
2868840	Slay the Spire 2	2026
3624140	Wanderburg	2026
1868140	潛水員戴夫 DAVE THE DIVER	2023
3722330	Shift At Midnight	2026
438100	VRChat	2017
1158310	Crusader Kings III	2020
3483740	Cast n Chill	2025
236390	War Thunder	2013
3241660	R.E.P.O.	2025
2075800	STAR WARS 零號連隊™	2026
2402680	Dimraeth	2026
3059520	F1® 25	2025
2288340	空戰奇兵8 希孚之翼 (ACE COMBAT 8: WINGS OF THEVE)	2026
2536520	《暗黑破壞神 II：獄火重生》煉獄版	2026
1368140	縱橫秘灣 Corsair Cove	2026
3609080	星之救援者	2025
582010	Monster Hunter: World	2018
1331550	Big Ambitions	2026
1172470	《Apex 英雄》	2020
3564740	燕雲十六聲	2025
1086940	柏德之門3	2023
813780	Age of Empires II: Definitive Edition	2019
4380490	貓咪郵政	2026
1718570	ASTLIBRA Revision	2022
594650	Hunt: Showdown 1896	2019
4358690	Graveyard Keeper 2	2026
289070	Sid Meier’s Civilization® VI	2016
3271280	Shroom and Gloom	2026
1629520	A Little to the Left	2022
1954420	麻雀一番街－重視勝利的線上日本麻將遊戲	2022
2060160	The Farmer Was Replaced	2025
2950790	鐵巢重砲	2026
4659620	東方紅魔鄉：新典 ～ the Embodiment of Scarlet Devil.	2026
1876890	逸劍風雲決	2023
686060	Mewgenics	2026
2426960	魔靈召喚: 天空之役	2024
4770830	三國鼎立Online Remastered	2026
3527290	PEAK	2025
440	Team Fortress 2	2007
2362060	CODE VEIN 噬血代碼 II	2026
3052450	忘卻前夜	2024
1258080	傳奇商店	2020
3198850	天天玩樂園	2025
3493540	Transport Fever 3	2026
2399420	Le Mans Ultimate	2025
1282270	Strinova	2024
1909950	超級機器人大戰Y	2025
3259780	FINAL FANTASY RESONANCE	2026
435150	神界：原罪2 - 終極版	2017
4356430	《NBA 2K27》	2026
2436940	Sephiria	2026
3451980	Soul's Remnant	2026
3767850	SpiritVale	2026
1142710	全軍破敵：戰鎚3	2022
2592160	Dispatch 超英派遣中心	2025
3751950	刺客教條：黑旗 同步重置	2026
1859910	活俠傳	2024
1091500	Cyberpunk 2077	2020
4115450	影之刃零	2026
898750	超級機器人大戰30	2021
2584270	Mortal Shell II	2026
4678800	Train Sim World® 7	2026
255710	Cities: Skylines	2015
2074920	The First Descendant	2024
394360	Hearts of Iron IV	2016
4421010	Bills Must Be Paid	2026
2358720	黑神話：悟空	2024
4001890	How to Fish	2026
805550	神力科莎出賽準備: 競爭 Assetto Corsa Competizione	2019
1677280	Company of Heroes 3	2023
3949040	我們到了嗎？	2025
2489330	鼠寶小鎮 Whiskerwood	2025
2377930	造化仙緣	2026
2185060	雙點博物館	2025
3195440	Welcome to Elderfield	2026
4243990	Path of Idle: Old Gods Rising	2026
2879840	密室逃脫模擬器2	2025
518790	theHunter: Call of the Wild™	2017
5053820	Mimic Party	2026
552990	World of Warships	2017
739630	Phasmophobia 恐鬼症	2020
1676840	為了吾王 II / For the King II	2023
1446780	MONSTER HUNTER RISE	2022
1029690	Sniper Elite 5	2022
2142790	Fields of Mistria	2026
477160	Human Fall Flat	2016
958260	DEAD OR ALIVE Xtreme Venus Vacation	2019
570	Dota 2	2013
427520	Factorio	2020
1466860	Age of Empires IV: Anniversary Edition	2021
4148240	女王的遊戲：盛世天下 女帝篇	2026
3798230	唱舞星計劃	2025
1151340	Fallout 76	2020
2508780	牧場物語 來吧！風之繁華市集	2025
2444750	夢之形	2025
787480	Phoenix Wright: Ace Attorney Trilogy	2019
4164790	Survival Log	2026
108600	Project Zomboid	2013
244210	出賽準備 Assetto Corsa	2014
1605850	零度空間 ZeroSpace	2026
219990	Grim Dawn	2016
1989270	Slay the Princess — The Pristine Cut	2023
730	Counter-Strike 2	2012
3985950	輪迴保險公司 R.I.P.	2026
3561220	風暴怕死隊	2026
1260320	猛獸派對	2023
2651280	Marvel's Spider-Man 2	2025
4134650	刷爆地下城	2026
3478050	女王的遊戲：盛世天下 媚娘篇	2025
3178350	無雙深淵	2025
2527160	桌面探索者	2026
3950130	Database Detective: Minor Crimes Division	2026
2569510	MLB 9局職棒 勁旅對決 26	2025
1451940	主播女孩重度依賴	2022
3489700	劍星	2025
1174180	Red Dead Redemption 2	2019
1845250	紅眼露比	2026
2379740	Wizardry Variants Daphne	2025
1089090	ONE PIECE 海賊無雙4	2023
582660	Black Desert	2021
251570	7 Days to Die	2024
2492430	火焰征程	2023
1934680	Age of Mythology: Retold	2024
1912410	Minecraft Dungeons II	2026
2763740	Revolution Idle	2025
1932640	Suikoden I&II HD Remaster Gate Rune and Dunan Unification Wars	2025
1696770	The Mermaid Mask	2026
3094010	HENPRI	2025
3981100	Leaf it Alone	2025
2399830	方舟: 生存飛升	2023
2567870	Chained Together	2024
1794680	Vampire Survivors	2022
933110	Age of Empires III: Definitive Edition	2020
3101040	魔法少女的魔女審判	2025
2183900	Warhammer 40,000: Space Marine 2	2024
1573360	Infinity Kingdom	2021
2073250	Rift of the NecroDancer	2025
3905450	WheelMates (雙輪成行)	2026
3787240	《MARVEL Tōkon: Fighting Souls》	2026
1857950	VEIN	2025
1604270	Broken Arrow	2025
3934250	靜謐田園	2026
3784030	浣熊推幣機	2026
2887580	Active Matter	2026
2162800	異形工廠2	2026
4197610	圖書館員：整理魔法圖書館吧！	2026
3280350	DEATH STRANDING 2: ON THE BEACH	2026
1407200	World of Tanks	2021
3472040	《NBA 2K26》	2025
1067360	暗星鐵律 Pax Autocratica	2026
3917090	《神力科莎：拉力賽​》Assetto Corsa Rally	2025
619150	while True: learn()	2019
1671210	DELTARUNE	2025
291550	Brawlhalla	2017
4594150	報告長官，獸人有點多	2026
1435790	密室逃脫模擬器	2021
814380	Sekiro™: Shadows Die Twice - GOTY Edition	2019
2852190	Monster Hunter Stories 3: 命運雙龍	2026
2163330	Yet Another Zombie Survivors	2026
3132860	天月麻雀 (Amatsuki Mahjong)	2025
2486820	索尼克賽車 交叉世界	2025
2169200	Sniper Elite: Resistance	2025
3300800	HER TREES : PUZZLE DREAM	2026
4992070	Sort Them Ducks	2026
1665460	eFootball™	2021
2401970	逆轉檢察官1&2 御劍精選集	2024
1562700	SANABI	2023
281990	Stellaris	2016
3122460	桌面副本物語：放置好時光	2026
2584990	Shadowverse: Worlds Beyond	2025
4300090	煥然一新的收納生活	2026
4501680	一把菜刀打天下	2026
3934270	How Many Dudes?	2026
880940	Pummel Party	2018
3400930	襪罪並罰！	2025
3562120	夢幻魔法公主	2026
1498570	THE KING OF FIGHTERS XV	2024
881020	Granblue Fantasy: Relink	2024
3841510	真・三國無雙２ with 猛將傳 Remastered	2026
1733690	烽沙	2026
3404260	Dead as Disco	2026
1842810	太閤立志傳Ⅴ DX	2022
1672970	Minecraft Dungeons	2021
648800	Raft	2022
4012810	STEINS;GATE RE:BOOT	2026
3948120	Scritchy Scratchy	2026
1663850	REPLACED	2026
2058190	審判之逝：湮滅的記憶	2022
1643320	S.T.A.L.K.E.R. 2: Heart of Chornobyl	2024
1217060	槍火重生	2021
2622380	艾爾登法環 黑夜君臨	2025
268910	Cuphead	2017
3282300	霧影獵人	2026
3319980	英雄傳說 界之軌跡 -告別塞姆利亞-	2025
1790600	七龍珠 電光炸裂！ZERO	2024
4706890	異環	2026
3966510	餵龍高手	2026
534380	Dying Light 2 Stay Human: Reloaded Edition	2022
1771300	Kingdom Come: Deliverance II	2025
266410	iRacing	2015
588650	Dead Cells	2018
1085660	天命2	2019
1514840	All-In-One Sports VR / 多合一運動 VR	2023
1943950	Escape the Backrooms	2025
2054970	Dragon's Dogma 2	2024
2113850	Spirit City: Lofi Sessions	2024
2129530	生灵重塑	2026
3219630	Halloween: The Game	2026
3293260	水上樂園模擬器	2026
1929290	啵點節奏 Bits & Bops	2025
4611990	日本事故物件監視協会3 -Japan Stigmatized Property-	2026
1250410	Microsoft Flight Simulator (2020) 40th Anniversary Edition	2026
4080220	EA SPORTS FC™ 27	2026
1817070	Marvel’s Spider-Man Remastered	2022
3669870	控制: 共振	2026
2668510	Red Dead Redemption	2024
728880	Overcooked! 2	2018
1974050	火炬之光：無限	2023
2492040	FATAL FURY: City of the Wolves	2026
2211170	Unrailed 2: Back on Track (一起開火車2：汽笛重鳴)	2026
1313140	進擊羔羊傳說	2022
1985810	Call of Duty®: Black Ops Cold War	2023
548430	Deep Rock Galactic	2020
2963600	卡牌修仙傳	2026
4113940	Sovereign Tower	2026
646570	Slay the Spire	2019
4286040	Unicycle Together	2026
2764370	星之翼（Starward）	2024
3678970	TBH: 塔斯克巴·英雄	2026
3808690	Pathogenic	2026
529340	Victoria 3	2022
2285550	多洛可小鎮	2026
2754380	The Roottrees are Dead	2025
1551360	Forza Horizon 5	2021
1172620	Sea of Thieves: 2026 Edition	2020
4244510	掘地求狗	2026
1304930	The Outlast Trials	2024
261550	Mount & Blade II: Bannerlord	2022
883710	Resident Evil 2	2019
3058630	《神力科莎出賽準備：進化》Assetto Corsa EVO	2025
4128400	eBaseball™: PRO SPIRIT	2026
1335200	Action對魔忍	2020
3636770	Servant of the Lake	2026
4800590	Supermarket Chaos	2026
3548580	放鬆時光：與你共享Lo-Fi故事	2025
1328660	《極速快感™：超熱力追緝》重製版	2020
3124540	遙遙西土 Far Far West	2026
1659040	HITMAN World of Assassination	2022
1227890	夏日狂想曲：鄉間的難忘回憶	2020
418370	Resident Evil 7 Biohazard	2017
1382070	Viewfinder	2023
2697940	零秒	2026
3314340	Burgie's Cozy Kitchen	2025
2928600	鬼滅之刃 火之神血風譚2	2025
1594320	工業巨頭 (Captain of Industry)	2022
1809540	九日	2024
2349820	英勇之地	2023
2221490	Tom Clancy’s The Division® 2	2023
3654560	植物大戰殭屍™：移植版	2025
3117820	蘇丹的遊戲	2025
386940	超級雞馬	2016
1962700	Subnautica 2	2026
544810	KARDS - 二戰卡牌遊戲	2020
4836540	Company of Heroes 3: Final Stand	2026
391540	Undertale	2015
2350790	Moonlighter 2: The Endless Vault	2026
2968420	PowerWash Simulator 2	2025
1222700	A Way Out	2020
744900	Dead Frontier 2	2019
1617400	The Bazaar	2025
842780	海軍藝術 NavalArt	2018
3226060	梦境回响 DreamEcho	2026
368260	漫威午夜之子	2022
1140620	CosmicBreak Universal	2021
1289670	EA Play	2020
2707930	Palia	2024
3105440	魔法門之英雄無敵：上古紀元 Heroes of Might and Magic: Olden Era	2026
1971650	歧路旅人 II	2023
3417140	IGS經典街機合集	2026
4450620	GRAIN ROT	2026
3265700	吸血鬼爬行者: 屠戮地牢的吸血鬼倖存者	2026
376210	The Isle	2015
3167020	逃離鴨科夫	2025
4131730	VHOLUME	2026
2195120	Go-Go Town!	2026
2215200	LEGO® 蝙蝠俠™：黑暗騎士傳奇	2026
1059990	Trombone Champ	2022
311210	Call of Duty®: Black Ops III	2015
1272080	PAYDAY 3	2023
1066780	Transport Fever 2	2019
1601580	冰汽時代2	2024
3405690	EA SPORTS FC™ 26	2025
1511630	TrackDayR	2021
3920610	零 ～紅蝶～ REMAKE	2026
4026250	Project P.I.T.T.	2026
444200	《戰車世界：閃擊戰》	2016
413420	超級槍彈辯駁2 再會了絕望學園	2016
2379780	Balatro	2024
4412320	Dumb Ways to Build	2026
392160	X4: Foundations	2018
4005220	Deep Blue Sushi	2026
1332010	Stray	2022
1196590	Resident Evil Village	2021
2948190	World of Sea Battle	2025
1687950	女神異聞錄5皇家版	2022
4339280	造船師：獵鷹戰紀	2026
2305640	Bladesong	2026
105600	Terraria	2011
2325290	Sky 光·遇	2024
2646460	Soulmask	2026
1237970	Titanfall® 2	2020
2684630	Endacopia	2026
3656800	Train Sim World® 6	2025
2187220	逆轉裁判456 王泥喜精選集	2024
1684350	奇喚士	2024
2975950	Solasta II	2026
1145350	Hades II	2025
4073860	吸吸吸有限公司	2026
692850	Bloodstained: Ritual of the Night	2019
2235020	Contra: Operation Galuga	2024
1229490	ULTRAKILL	2020
4412000	Zad Archery	2026
3702540	放置大陸	2026
410340	Liftoff®: FPV Drone Racing	2018
594570	全軍破敵：戰鎚2	2017
4214960	復活邪神3 錯綜宿命	2027
1213210	《終極動員令》重製典藏版	2020
1361210	戰鎚40K：黑潮	2022
1817190	Marvel’s Spider-Man: Miles Morales	2022
2272360	Warhammer 40,000: Dawn of War IV	2026
3393280	Anime Shop Simulator ✨	2026
3837350	Staffer Retro - 異能追憶	2026
364360	全軍破敵：戰鎚	2016
1044720	Farthest Frontier	2025
1468810	鬼谷八荒	2023
2144740	《幽影行者 2》 Ghostrunner 2	2023
2282790	秘境獵人	2026
10	Counter-Strike	2000
1610440	沉沒意志	2024
2016590	Dark and Darker	2024
2186680	Warhammer 40,000: Rogue Trader	2023
4891320	[WoG] War of Genesis: Idle Loot	2026
1222680	《極速快感™：熱焰》	2020
1499560	最後的克勞迪亞	2021
3446240	宗門起源	2026
3938640	美味迴轉壽司店模擬器	2026
1527950	Wartales	2023
3180340	RIG Riot	2026
3146440	SPORTAL	2026
3560360	Forsworn	2026
292030	巫師 3：狂獵 - 完全版	2015
2273430	蒼翼：混沌效應	2024
1721110	深淵之潮	2025
2124120	SULFUR	2024
2416450	鼠探：私家偵探	2026
2988580	人中之龍０ 誓約的場所 導演剪輯版	2025
1206560	WorldBox - God Simulator	2021
1846380	《極速快感™：桀驁不馴》	2022
965580	Root	2020
2806050	Halo: Campaign Evolved	2026
2980270	HackHub - Ultimate Hacker Simulator	2026
2909580	Viractal(維拉克塔爾)	2026
3891400	調酒師模擬器	2026
1340990	浪人崛起	2025
427410	非生物因素	2025
2399220	NUKITASHI	2023
629820	Maneater	2021
1244090	Sea of Stars 星之海	2023
1222140	底特律：化身为人	2020
1444480	Turing Complete	2021
620980	Beat Saber	2019
4468030	OFFBEAT	2026
1190970	房產達人2	2023
367520	Hollow Knight	2017
613100	房產達人	2018
1682970	Uncrashed : FPV Drone Simulator	2021
1408230	Walkabout Mini Golf VR	2021
546560	Half-Life: Alyx	2020
2958130	侏羅紀世界：進化 3	2025
218620	PAYDAY 2	2013
1149460	翼星求生 ICARUS	2021
3859630	METAL GEAR SOLID: MASTER COLLECTION Vol.2	2026
3255380	LUNAR Remastered Collection	2025
3748520	SPRAWL zero	2026
1040200	Crime Scene Cleaner	2024
632360	Risk of Rain 2	2020
4210580	Ore Factory Squad ⛏️	2026
4170200	Data Center	2026
1030300	Hollow Knight: Silksong	2025
4449410	亰都幻都 -櫻花幻舞-	2026
408410	X-Morph: Defense	2017
4315040	放置領主：財富之城	2026
1689620	BLEACH 魂魄覺醒	2025
3266090	IT Specialist Simulator	2025
2880730	AI2U: 與你直到世界盡頭 ~ 我的病嬌貓娘AI女友	2026
3164500	Schedule I	2025
3375110	Tiny Eden	2026
567640	新槍彈辯駁V3 大家的自相殘殺新學期	2017
4625810	Internet Survivor Survivors	2026
8930	Sid Meier's Civilization® V	2010
1837970	三國志 霸道	2022
4121170	Fears to Fathom® - Scratch Creek	2026
2131680	METAL GEAR & METAL GEAR 2: Solid Snake	2023
286160	Tabletop Simulator	2015
601510	Yu-Gi-Oh! Duel Links	2017
1820000	炎姬	2026
1465460	Infection Free Zone	2024
3180070	No, I'm not a Human	2025
4573090	米粒新世界	2026
2452280	Mecha BREAK	2025
4132890	狗化危機：狂犬列車	2026
1547000	Grand Theft Auto: San Andreas – The Definitive Edition	2023
1286220	Sea Power : Naval Combat in the Missile Age	2024
3159330	刺客教條：暗影者	2025
2963800	DrainSim	2026
413410	Danganronpa: Trigger Happy Havoc	2016
1284210	Guild Wars 2®	2022
3669570	Alchemy Factory	2026
292730	Call of Duty®: Infinite Warfare	2016
1084600	My Time at Sandrock	2023
1562430	DREDGE	2023
3558600	綠植小築	2026
1761390	初音未來 Project DIVA MEGA39’s＋	2022
2479810	Gray Zone Warfare	2024
812140	Assassin's Creed® Odyssey	2018
2643390	Star Trek: Voyager - Across the Unknown	2026
2111630	JR EAST Train Simulator	2022
2161700	女神異聞錄３ Reload	2024
3164330	無限暖暖	2025
4423580	暗影地牢	2026
349040	火影忍者 疾風傳 終極風暴4	2016
673750	超級兔子人	2023
699130	World War Z	2021
953880	First Class Trouble	2021
1119730	Ranch Simulator: Build, Hunt, Farm	2023
1184370	Pathfinder: Wrath of the Righteous - Enhanced Edition	2021
1324130	Stranded: Alien Dawn	2023
2524890	Pixel Gun 3D: PC Edition	2024
2589500	囈語小鎮	2025
2713000	Resonance: A Plague Tale Legacy	2026
2825530	旁觀者：列車長 Beholder: Conductor	2025
2855560	流亡黯道	2024
2918150	ONE PIECE Bounty Rush	2024
945360	Among Us	2018
1176470	地球不屈 Terra Invicta	2026
1462040	FINAL FANTASY VII REMAKE INTERGRADE	2022
1947910	OPUS：心相吾山	2026
2059170	Quasimorph	2026
2073850	THE FINALS	2023
2288150	三國志8 REMAKE	2024
2644470	PICO PARK 2	2024
3010850	Gears of War: E-Day	2026
3894850	機場安檢模擬器	2026
4630570	RUNNING TRAIN | 走ル列車！	2026
2990	FlatOut 2	2006
236850	Europa Universalis IV	2013
284160	BeamNG.drive	2015
2239710	勇闖死人谷:暗黑之日	2025
2321470	Deep Rock Galactic: Survivor	2025
4935510	Cellar Keeper	2026
5001630	嘉豪	2026
750130	The Sinking City Remastered	2021
1139900	Ghostrunner - 幽影行者	2020
1363080	莊園領主 Manor Lords	2024
3330210	舊日鐵鍋燉主理人	2026
3337380	Tabletop Tavern	2026
4294490	KOTAMON: My Sis Found A Super-Rare Card In Her Cereal Box, So I Became A Garbage Man To Find The Entire Collection And Earn $1,000,000	2026
230190	War for the Overworld	2015
1546400	巨擊大亂鬥	2022
1778820	鐵拳8	2024
1888160	機戰傭兵™VI 境界天火™	2023
2000950	Call of Duty®: Modern Warfare®	2023
2424420	Avatar Legends: The Fighting Game	2026
3314790	CloverPit	2025
4069520	超級高爾夫大亂鬥	2026
4435490	決勝時刻®：現代戰爭® 4	2026
4928820	貓咪又把藥水打翻了！	2026
400750	Call to Arms - Gates of Hell: Ostfront	2021
761890	阿爾比恩Online	2018
779340	全軍破敵：三國	2019
3399960	悠哉釣魚	2025
3972650	背包闖江湖	2026
2753970	漫威宇宙入侵	2025
4160210	The Artisan of Glimmith	2026
1210320	Potion Craft: Alchemist Simulator	2022
2383200	PATAPON 1+2 REPLAY	2025
3249650	Little Fighter 2 Remastered	2025
2698470	獸耳紅茶館	2025
2742710	夢想翻新家	2026
1910150	Walk of Life	2026
1326470	Sons Of The Forest	2024
3834090	YAPYAP	2026
493520	GTFO	2021
2638890	鬼武者 Way of the Sword	2026
767560	War Robots	2018
1164940	Trepang2	2023
1969870	生死狙击2	2022
1366540	戴森球計劃	2021
1948800	Yi Xian: The Cultivation Card Game	2024
1377580	Soulworker (靈魂行者)	2021
4478640	背包地牢	2026
2543830	Way of the Hunter 2	2026
2799860	閃電十一人 英雄們的勝利之路	2025
292000	No More Room in Hell 2	2026
1012880	60 Seconds! Reatomized	2019
2290180	Riders Republic	2023
655500	MX Bikes	2019
1931770	Chants of Sennaar	2023
4087980	Fickle Card Legend	2026
2208920	Assassin's Creed Valhalla	2022
3119540	Scriptorium: Master of Manuscripts	2026
2499860	勇者鬥惡龍 VII Reimagined	2026
3440070	這龍帶刀	2026
436150	Governor of Poker 3	2016
3035500	Fantasy Map Simulator	2024
3041230	Windrose	2026
1273400	《模擬建設》	2022
306130	The Elder Scrolls® Online	2017
1020790	NARUTO X BORUTO 火影忍者 終極風暴羈絆	2023
4354460	幸存者笔记	2026
3419430	Bongo Cat	2025
4164310	这是谐音梗	2026
1205970	MX vs ATV Legends	2022
3590290	生死深潛：雨之子民	2026
977950	冰與火之舞 A Dance of Fire and Ice	2019
3216500	終天教團	2025
2835570	Buckshot Roulette	2024
3863760	俠影錄	2026
2062430	BALL x PIT	2025
1942280	Brotato	2023
977400	Cell to Singularity - Evolution Never Ends	2021
2453160	Sword of the Sea	2025
1003590	Tetris® Effect: Connected	2021
209160	Call of Duty®: Ghosts	2014
3712080	Funnel Runners	2026
1611600	WARNO	2024
3438850	Sledding Game	2026
3296790	天之少女	2025
2737070	Crime Simulator	2025
1167630	Teardown	2022
831560	無雙OROCHI 蛇魔３	2018
1588550	孤山獨影	2026
2634950	首都高賽車	2025
4821420	賭石之王	2026
4132330	Pizza House Simulator🍕	2026
2701700	Maestro	2024
4549610	隱名三國	2026
3017860	DOOM: The Dark Ages	2025
2190220	東方彈幕神樂 失落幻想	2024
2712550	虛之少女	2024
319510	Five Nights at Freddy's	2014
1092790	Inscryption	2021
3353800	黃金星漩	2026
3100310	神之軍火	2026
2445690	失落城堡2	2026
3247080	UNLIGHT:Revive	2024
513710	SCUM	2025
3470550	破爛藝術家	2026
2286780	亞路塔：狐狸狐途的麵包冒險	2025
694280	Zombie Army 4: Dead War	2021
2370000	Lumines Arise	2025
1913120	Tears of Metal	2026
2836460	Cozy Marbles	2026
4018740	鬼子母	2026
209650	Call of Duty®: Advanced Warfare - Gold Edition	2014
3989960	青蛙小隊🐸 / Frog Sqwad	2026
2933080	《法外梟雄：滾石城》Crime Boss: Rockay City	2024
3373500	Scavland	2026
2701720	Wagotabi: A Japanese Journey	2025
2300320	Farming Simulator 25	2024
558990	Opus Magnum	2017
601150	Devil May Cry 5	2019
668580	原子之心	2023
874260	The Forgotten City	2021
1049410	超閾限空間 Superliminal	2020
1272320	要戰便戰	2024
1574480	Agent 64: Spies Never Die	2026
1805110	Solarpunk™	2026
2101390	失物認領有限公司	2026
2205850	矮人軍團自走棋	2026
2753900	The King is Watching	2025
2904000	法術小隊	2026
3061810	人中之龍８外傳 Pirates in Hawaii	2025
3839250	Soulforge Lost Path	2026
4125930	戰雙帕彌什	2026
620	Portal 2	2011
270880	American Truck Simulator	2016
285900	Gang Beasts	2017
304390	《榮耀戰魂》	2017
489830	The Elder Scrolls V: Skyrim Special Edition	2016
524220	NieR:Automata™	2017
976730	Halo: The Master Chief Collection	2019
1881200	TRYP FPV: Drone Racer Simulator	2022
2057760	Esoteric Ebb	2026
2089600	都市傳說解體中心	2025
2356560	Monster Hunter Stories	2024
2527500	MiSide	2024
2681030	Outbound / 車居綠活	2026
3365050	萊莎的鍊金工房３ ～終結之鍊金術士與秘密鑰匙～ DX	2025
3556750	Warhammer 40,000: Dawn of War - Definitive Edition	2025
3818020	惡校遊戲	2026
3882730	PANOPTYCA : Idle RPG Manager	2025
774171	Muse Dash	2019
794600	LET IT DIE	2018
1062520	Dinkum(金墾小鎮)	2025
1449200	AI：夢境檔案 涅槃肇始	2022
1501310	The Ranchers	2026
1705180	Gunner, HEAT, PC!	2022
2495450	Winter Memories	2024
2658510	动物收容所 2	2025
3144230	Modern Warships	2026
3365030	萊莎的鍊金工房 ～常闇女王與秘密藏身處～ DX	2025
4128580	競拍之王	2026
290100	堡垒：猎鹰战纪	2024
380600	Fishing Planet	2017
663090	Granado Espada	2017
870780	控制 - 終極合輯 / Control Ultimate Edition	2020
926990	WolfQuest: Anniversary Edition	2025
1973710	緋染天空 Heaven Burns Red	2022
2114740	Blasphemous 2	2023
2513280	索尼克×夏特 世代重啟	2024
3213850	gogh: Focus with Your Avatar	2025
3239270	夜勤病棟	2024
3883290	LABYRINTHOS：深淵的迷宮	2026
2059810	大富翁4	2022
2133760	小小書店	2025
3641000	The Incident at Galley House	2026
4227400	聖火守望者：共築防線	2026
1356670	天穗之咲稻姬	2020
1904480	絕對魔權	2025
1997040	漫威：瞬戰超能	2023
2072560	DRAGON BALL GEKISHIN SQUADRA	2025
2524850	電車炫客	2026
2725090	HER TREES : THE PUZZLE HOUSE	2024
2827750	Fatal Claw	2026
3260140	流亡黯道2	2025
3618390	Gamblers Table	2026
4279820	RO仙境傳說： 新世代的誕生	2026
4668890	一起來開大商場	2026
4731620	Fortune Mill	2026
3155730	Venus Vacation PRISM - DEAD OR ALIVE Xtreme -	2025
3549020	Caribbean Legend: Age of Pirates	2026
4223300	Birds of War	2026
4246640	地下城竞技场	2026
389730	TEKKEN 7	2017
473950	Manifold Garden	2020
2141730	Backrooms: Escape Together	2022
3061390	Inkwellers	2026
3819640	Megastore Simulator	2026
1442430	Storage Hunter Simulator	2025
1465360	SnowRunner	2021
2853730	怒海戰記	2024
2966320	星砂島	2026
1203620	霧鎖王國 (Enshrouded)	2024
1506510	The Ramp	2021
2407830	變廢為寶哥布林	2025
3794610	哥布林維克：竊賊大亨	2026
2230980	Caribbean Legend	2024
3065800	失落星船：馬拉松	2026
648410	Colony Ship: A Post-Earth Role Playing Game	2023
3946950	Click the Button	2026
1124180	鐵道調度模擬器	2024
2864560	符文工廠 龍之天地	2025
1325200	仁王２ Complete Edition	2021
3077020	多卡波！怒之鐵劍	2025
2066020	Soulstone Survivors	2025
960090	Bloons TD 6	2018
2178480	千變的迷宮 風來的希煉６ 蛇蜷島探險譚	2024
868360	Project Hospital	2018
431240	Golf With Your Friends	2020
2459550	餘燼守衛 Emberward	2024
460920	Steep™	2016
1114150	CarX Street	2024
1238840	Battlefield™ 1	2020
703080	動物園之星	2019
2815070	RIDE 6	2026
1466060	Tainted Grail: The Fall of Avalon	2025
4948000	Moo Who?	2026
3850800	Wakuwaku公園	2026
457140	缺氧	2019
2552430	KINGDOM HEARTS -HD 1.5+2.5 ReMIX-	2024
2708450	Oh Deer	2024
1248080	CYGNI: All Guns Blazing	2024
2105840	Order Automatica	2026
3265230	Cursed Companions	2026
681280	Descenders	2019
3444020	我在地府打麻将 - Demonic Mahjong	2025
871540	BMX Streets	2024
648100	Raging Loop	2017
346110	ARK: Survival Evolved	2017
4119420	Evitania Online - Idle RPG	2026
1874880	Arma Reforger	2023
4324480	小本生意	2026
3065940	Gallipoli	2026
2492660	METAL GEAR SOLID: Peace Walker - Master Collection Version	2026
3282420	Zoominoes	2026
2090390	Schrödinger’s Call 薛丁格的電話	2026
1449690	The Walking Dead: The Telltale Definitive Series	2020
1147560	Skul: The Hero Slayer	2021
1602000	酒店建築師 Hotel Architect	2026
221040	Resident Evil 6	2013
302510	Ryse: Son of Rome	2014
2302660	文字化化：Homicipher	2024
2135150	Elin	2024
246580	The Typing of The Dead: Overkill	2013
2926900	MAVRIX by Matt Jones	2026
247970	Korea. IL-2 Series	2026
2749950	Esports Manager 2026	2026
3639590	Phantom PHANTOM OF INFERNO NITRO ARCHIVE	2026
262060	Darkest Dungeon®	2016
1966720	Lethal Company	2023
1476970	IdleOn - The Idle RPG	2025
2407270	AI LIMIT 無限機兵	2025
1650010	RIDE 5	2023
3358170	嘟嘟鴨與摺疊世界	2026
1520370	Mon Bazou	2025
1941540	四海兄弟：故鄉	2025
960910	暴雨	2020
115320	Prototype 2	2012
868160	Code: Terraform	2026
1575940	Sins of a Solar Empire II	2024
1262580	Need for Speed™ Payback	2020
223750	DCS World Steam Edition	2013
4112070	An Eggstremely Hard Game	2026
2005010	Warhammer 40,000: Boltgun	2023
2213700	Sintopia	2026
1341290	我們曾到此永	2022
3904850	Approximately Up	2026
3731020	阿西, 美女室友竟然...？2	2025
1211630	The Jackbox Party Pack 7	2020
1796220	Laika: Aged Through Blood	2023
3885520	Dice of Kalma	2025
337320	Paint the Town Red	2021
2825860	The Sinking City 2	2026
1065310	Evil West	2022
1693980	《絕命異次元》	2023
1371980	《永無寧日》	2024
2417610	METAL GEAR SOLID Δ: SNAKE EATER	2025
3074850	受讚頌者斬2	2026
494840	UBOAT	2024
2863680	ZERO PARADES: For Dead Spies	2026
3314070	模擬市民™ 2 經典典藏版	2025
1636440	SILENT HILL: Townfall	2026
553540	Phantom Brigade	2023
1329410	雀魂麻將	2020
3590	Plants vs. Zombies GOTY Edition	2009
307960	IL-2 Sturmovik: Battle of Stalingrad	2014
322170	Geometry Dash	2014
2288630	太鼓之達人 咚咚雷音祭	2024
1395520	The Séance of Blake Manor	2025
2138720	REMATCH	2025
1610470	MXGP 2021 - The Official Motocross Videogame	2021
2569760	The Mound: Omen of Cthulhu	2026
2964090	World of Warships: Legends	2026
4249620	巨兽岛(恐龙岛6.0)	2026
1284190	The Planet Crafter	2024
4264270	冬旅，方冥冥	2026
3846120	MineMogul	2025
3907790	氧氣列車	2026
589290	Holdfast: Nations At War	2020
1606180	下一站江湖Ⅱ	2024
1888930	The Last of Us™ Part I	2023
952060	Resident Evil 3	2020
268500	XCOM® 2	2016
1335790	Operation: Tango	2021
21690	Resident Evil 5	2009
2593340	Wonderia	2026
1486920	Tempest Rising	2025
8500	EVE Online	2010
55140	MX vs. ATV Reflex	2010
312520	Rain World	2017
688130	Pogostuck: Rage With Your Friends	2019
753640	Outer Wilds	2020
792100	7 Billion Humans	2018
960990	超凡双生	2020
1229240	Chained Echoes	2022
1592190	BONELAB	2022
1928540	Horticular: Build a Garden, Attract Wildlife	2024
2055590	Star Overdrive	2025
2244210	艾恩葛朗特 迴盪新聲	2026
2400160	指尖疾速：打字狂潮	2024
2421750	Gunman Contracts - Stand Alone	2026
3039500	萬象群俠傳	2026
3199170	血戰突擊	2025
3219010	穿霧列車 Fogpiercer	2026
3483510	冒險家艾略特的千年奇譚	2026
3511030	迷你舒適房間：Lo-Fi	2025
3513600	女吊	2026
3606480	Call of Duty®: Black Ops 7	2025
230290	Universe Sandbox	2015
231430	Company of Heroes 2	2013
644930	They Are Billions	2019
782330	DOOM Eternal	2020
1056640	Phantasy Star Online 2 New Genesis	2020
1591530	戰國無雙５	2021
1597480	Zombie Gunship Survival	2021
1808500	ARC Raiders	2025
2058180	審判之眼：死神的遺言 Remastered	2022
2101960	Cronos: The New Dawn	2025
2157830	John Carpenter's Toxic Commando	2026
2302530	MementoMori	2025
2582140	《模擬航行：勇闖大海》	2025
2693930	骰子闖魔城	2024
2842800	尸姬之梦	2026
3196440	Vacation Cafe Simulator	2026
3202030	龍胤立志傳	2026
3683770	奶茶店模拟器 - 重生之我在冰堡甜城当店长	2026
3817250	CICADAMATA"	2026
341800	Keep Talking and Nobody Explodes	2015
397540	邊緣禁地3	2020
582160	《刺客教條：起源》	2017
667970	VTOL VR	2017
1016920	Unrailed!	2020
1097200	Twelve Minutes	2021
1173820	FINAL FANTASY VI	2022
1182900	A Plague Tale: Requiem	2022
1243830	Overcooked! All You Can Eat	2021
1297900	Gothic 1 Remake	2026
1601570	多重人生	2025
1644320	Railway Empire 2	2023
1939970	Nobody Wants to Die	2024
1948980	大俠立志傳：碧血丹心	2023
2313020	賽馬娘Pretty Derby 熱血喧鬧大感謝祭！	2024
2544110	斷劍：聖殿騎士之影	2024
2614070	NUKITASHI 2	2024
2669410	Metro Awakening	2024
2893570	勇者鬥惡龍I & II HD-2D Remake	2025
3357960	KuloNiku: Bowl Up!	2026
3399860	劍影江湖	2026
3684610	s.p.l.i.t	2025
4231820	Castlevania: Belmont's Curse	2026
4246860	51區安檢站	2026
5027520	Megastore: Tidy Up Together	2026
527230	For The King	2018
997010	《模擬警察：巡警人生》	2022
1384160	GUILTY GEAR -STRIVE-	2021
1811950	英雄傳說 黎之軌跡	2022
2209900	Moonlight Peaks	2026
2331330	女鬼橋二 釋魂路	2024
2427700	背包亂鬥 Backpack Battles	2025
2916430	Fast Food Simulator	2024
3554630	VMX	2026
220200	Kerbal Space Program	2015
322330	饑荒聯機版	2016
962730	Skater XL - The Ultimate Skateboarding Game	2020
1041320	王國紀元 (Lords Mobile)：全面戰爭	2019
1097430	Book Of Yog Idle RPG 依盖之书	2022
2555950	Million Depth	2025
2627260	NINJA GAIDEN 4	2025
2678640	朝露：境界旅程	2025
2680010	The First Berserker: Khazan	2025
2696050	YARISUTEMESUBUTA ~ 一次性交易大師 ~	2024
3215050	Surviving Mars: Relaunched	2025
3372060	Hell Maiden	2026
3709430	魔女：終末旅途	2026
3818000	Guns and Nuns: Storming Hell	2026
4466620	SiNiSistar 2	2026
454650	DRAGON BALL XENOVERSE 2	2016
1118520	Paralives	2026
1128920	永恒空间2	2023
1239080	破门而入2：北方特遣队	2025
1492730	哆啦A夢 牧場物語 自然王國與和樂家人	2022
1607250	MY HERO ULTRA RUMBLE	2023
1699710	稗子 The Dream Of A Cockspur	2026
2074800	大富翁11	2022
2397320	《模擬公車 27》	2026
2560240	知只大冒险2	2025
2661300	Grounded 2	2025
8870	生化奇兵：無限之城 完全版	2013
628070	三國志11 with 威力加強版	2018
1133870	Space Engineers 2	2025
1238810	《戰地風雲 5》	2020
1372280	MELTY BLOOD: TYPE LUMINA	2021
2288470	Aethermancer	2025
2429860	妹相隨～黑白世界的繽紛冒險～	2024
2455640	復活邪神2 七英雄的復仇	2024
2909400	FINAL FANTASY VII REBIRTH	2025
3404470	線條小狗：動物溫泉	2025
3797340	Anomalous Coffee Machine 2	2025
373420	Divinity: Original Sin - Enhanced Edition	2015
375820	Human Resource Machine	2015
653530	Return of the Obra Dinn	2018
1539140	東京股神 STONKS-9800	2023
1611910	《Warhammer 40,000：混沌之門 - 惡魔獵人》	2022
1730260	Retro Gadgets	2022
1940340	Darkest Dungeon® II	2023
2471100	Unnamed Space Idle	2023
3259600	紅色的鍊金術士和白色的守護者 ～蕾斯萊莉婭娜的鍊金工房～	2025
3937550	人中之龍 極３ / 人中之龍３外傳 Dark Ties	2026
4952980	My Party Is Grinding	2026
10090	Call of Duty: World at War	2008
208650	Batman™: Arkham Knight	2015
1432860	Sun Haven	2023
1574900	Salt 2: Shores of Gold	2025
1771980	接線疑雲 The Operator	2024
2348100	似曾相識的「那些遊戲」都換火柴人當主角了，你真的能夠順利通關嗎？	2023
2943650	FragPunk	2025
3046600	鬼武者2 (Onimusha 2: Samurai's Destiny)	2025
3684500	十三州行動：三國搜打撤	2026
4358310	Coin Tavern	2026
262410	World of Guns: Gun Disassembly	2014
311310	Naval Action	2019
532110	Rusty Lake: Roots	2016
573090	Stormworks: Build and Rescue	2020
678950	DRAGON BALL FighterZ	2018
871980	數碼寶貝 絕境求生	2022
1281220	Task Force Admiral - Vol.1: American Carrier Battles	2026
1580240	符文工廠4豪華版	2021
2243710	符文工廠3豪華版	2023
3002850	FAIRY TAIL 2	2024
3014080	百日戰記 -最終防衛學園-	2025
4011300	咒言戰	2026
4150860	The Loopler	2026
4190240	Nuclear Design Bureau	2026
605230	Grey Hack	2017
702320	March of Empires	2017
1293160	The Medium	2021
1681430	机械战警：暴戾都市	2023
1875830	真・女神轉生Ⅴ Vengeance	2024
1946700	Layers of Fear	2023
2012320	Parallel Experiment	2025
3198890	Scale the Depths	2026
3432480	Shards of Order	2026
774181	Rhythm Doctor	2025
1774580	STAR WARS 絕地：倖存者™	2023
3453910	Happy's Humble Burger Cult	2026
3710840	House Flipper Remastered Collection	2026
550	Left 4 Dead 2	2009
698670	Scorn	2022
1361510	忍者龜：施萊德的復仇	2022
1401590	迪士尼夢光谷	2023
1985820	Call of Duty®: Vanguard	2023
2742830	Monster Train 2	2025
3688130	Moldwasher	2026
3756010	SUPER BOMBERMAN COLLECTION	2026
4000	Garry's Mod	2006
1929610	Demonologist	2023
2361770	SHINOBI 反攻的斬擊	2025
1619580	Slopecrashers	2024
2111170	牧場物語 Welcome！美麗人生	2023
3690850	Asterika: Phantom Rose Refrain	2026
418240	Shadow Tactics: Blades of the Shogun	2016
1054490	Wingspan	2020
4295960	漫研社顧問想要支持佐伯沙羅	2026
736260	Baba Is You	2019
3330	Zuma Deluxe	2006
434170	The Jackbox Party Pack 3	2016
3618850	Pronoun Palace	2026
2827200	迷魅狩獵	2025
2069250	High On Life 2	2026
3125250	STORROR Parkour Pro	2025
4195110	胡鬧撞球 Ultrapool	2026
3174070	德州撲克 - Pokerist	2025
416680	Zombie Night Terror	2016
3219030	《動物園之星 2》	2026
1022980	Ostranauts	2026
1924170	TT Isle Of Man: Ride on the Edge 3	2023
990630	The Last Campfire	2021
4279630	Friendly Steps 醉步同行	2026
220440	DmC: Devil May Cry	2013
1369670	Motor Town: Behind The Wheel	2021
1545450	Incredibox	2021
3151760	Roboquest VR	2025
621060	PC Building Simulator	2019
1782460	Hell Clock	2025
4027450	Dragon Quest Heroes: Torneko's Mystery Dungeon -Classic HD-	2026
2976890	災難公關+	2026
246620	Plague Inc: Evolved	2016
1568590	Goose Goose Duck	2021
4045750	Out of the Park Baseball 27	2026
1755830	Astrea: Six-Sided Oracles	2023
3144340	Cult of PiN	2026
861650	Session: Skate Sim	2022
1826420	CarX Drift Racing Online 2	2026
2545360	Lonely Mountains: Snow Riders	2025
274980	Influent Language Learning Game	2014
3496000	分揀員模擬器	2025
1259980	RIDE 4	2020
1761620	Headbangers: Rhythm Royale	2023
3123060	Warlord: Awaji	2026
502500	ACE COMBAT™ 7: SKIES UNKNOWN	2019
2432860	威赫戰線 MENACE	2026
297130	Titan Souls	2015
690790	DiRT Rally 2.0	2019
458710	Kingdom Rush Frontiers - Tower Defense	2016
3679080	七大罪：Origin	2026
3700760	角落裡的艾果 Eggo	2026
4855450	不心动才有鬼	2026
1948280	Stacklands	2022
636450	Rez Infinite	2017
3114370	《文字遊戲世界》	2026
1349230	5D Chess With Multiverse Time Travel	2020
571740	Golf It!	2023
3936530	Pro Cycling Manager 26	2026
2072170	閃耀滑雪場物語 (Shiny Ski Resort)	2022
3521410	喵喵甜品屋	2025
1220170	Eville	2022
3079210	Hell Let Loose: Vietnam	2026
333640	Caves of Qud	2024
4502710	磐石守衛	2026
1189490	觅长生	2023
4508020	我是洞洞王 Hole is Mine	2026
3308560	咕咕披薩：送披薩到太空站？老闆，這不對啊！	2025
2215430	《Ghost of Tsushima導演剪輯版》	2024
1213700	Spirit of the North	2020
2175540	勇者鬥惡龍 怪物仙境3 魔族王子與艾爾芙的旅程	2024
1370140	Kao the Kangaroo	2022
858820	Tribes of Midgard	2021
2354000	Slackers - Carts of Glory	2024
2314160	Tactical Assault VR	2023
979690	The Ascent	2021
1109570	《文字遊戲》	2022
3123410	優米雅的鍊金工房 ～追憶之鍊金術士與幻創之地～	2025
4042800	Poker Fate - 二次元美少女線上德州撲克	2026
2800080	Thief VR: Legacy of Shadow	2025
312660	Sniper Elite 4	2017
3967760	纵横麻将 Matrix Mahjong	2026
3453600	超級跑車收藏模擬器	2025
632470	Disco Elysium - The Final Cut	2019
602960	Barotrauma	2023
1721470	Poppy Playtime	2021
3526710	萬物皆可蟹：動物演化Roguelite遊戲 | Everything is Crab	2026
3211850	Calyx	2026
2778610	Over The Top: WWI	2026
3077390	MotoGP™25	2025
2824380	異域風情2：寵物店模擬器	2026
3326230	Hozy	2026
704850	Thief Simulator	2018
2191280	愚靈	2026
2289750	超級幻想王國 Super Fantasy Kingdom	2025
1345820	Ragnarock	2021
233720	Surgeon Simulator	2013
4285690	Airport Security Sucks!	2026
228200	Company of Heroes	2006
3950020	Duet Night Abyss	2026
3030190	潘朵拉的玩具盒	2026
865360	We Were Here Together	2019
2744880	Climber Animals: Together	2024
1178790	千變的迷宮 風來的希煉 命運之塔與命運之骰	2020
339610	Freestyle 2: Street Basketball	2015
2436870	Sigilfarer: A Dice-Rolling Roguelite	2026
2119670	打造吧！高爾夫之森 (Forest Golf Planner)	2023
3936520	Tour de France 2026	2026
3340780	功夫牌	2026
304050	Trove	2015
552520	Far Cry® 5	2018
323190	冰汽時代	2018
958520	33不朽灵魂	2026
803050	Per Aspera	2020
3875050	MotoGP™26	2026
359220	MX vs. ATV Unleashed	2015
666150	Prehistoric Kingdom	2022
4064510	MOLE	2026
1641700	Moving Out 2	2023
2397300	Half Sword	2026
239030	Papers, Please	2013
2497900	DON'T SCREAM	2024
2660230	殺死影子	2026
2599690	Better Than Dead	2026
942970	疑案追聲	2019
2014780	X-Plane 12	2022
2784470	九王 9 Kings	2025
246420	Kingdom Rush - Tower Defense	2014
24010	Train Simulator Classic	2015
2198150	Tiny Glade	2024
4126220	克魯賽德戰記 : 英雄小鎮	2026
42680	Call of Duty®: Modern Warfare® 3 (2011)	2011
42700	Call of Duty®: Black Ops	2010
204100	Max Payne 3	2012
221380	Age of Empires II (Retired)	2013
287700	METAL GEAR SOLID V: THE PHANTOM PAIN	2015
319630	Life is Strange - Episode 1	2015
485510	仁王 Complete Edition	2017
520940	MX vs ATV All Out	2018
779430	Full Ace Tennis Simulator	2018
843380	Super Animal Royale	2021
851100	Touhou Luna Nights	2019
1030840	《四海兄弟：決定版》	2020
1367080	機動戰士鋼彈 激戰任務２	2023
1469610	Last Train Home	2023
1584090	東方夜雀食堂 - Touhou Mystia's Izakaya	2021
1669480	Firefighting Simulator: Ignite	2025
1726190	No Straight Roads: Encore Edition	2021
1772830	Rusted Moss	2023
1928690	Bionic Bay: 換影循跡	2025
2137250	Hidden Office Top-Down 3D	2022
2208570	Dark Hours	2025
2364580	Titanium Court	2026
2378900	The Coffin of Andy and Leyley	2023
2626940	Life Makeover	2023
2707870	Streetdog BMX	2026
2737970	純白交響曲 -Love is Pure White- HD Remake	2024
2743850	Tricky Madness	2024
2854740	Nunholy	2025
3097560	Liar's Bar	2024
3839850	晶核	2025
4157430	挖到地心！	2026
4252290	Meowgic	2026
4560660	Eslabong	2026
4634490	Master Healer Kale with useless party	2026
78000	Bejeweled® 3	2010
359320	Elite Dangerous	2015
368360	60 Seconds!	2015
476600	Call of Duty®: WWII	2017
492720	Tropico 6	2019
780310	The Riftbreaker	2021
829110	LEGO® DC Super-Villains	2018
838350	太吾繪卷：天幕心帷	2026
966720	Pumped BMX Pro	2019
1163550	隊長小翼 新秀崛起	2020
1262560	Need for Speed™ Most Wanted	2020
1328990	Godsworn	2024
1497460	Wheel World	2025
1515210	The Past Within	2022
1608290	GNOSIA	2022
1672810	MIO: Memories in Orbit	2026
1911610	Windblown	2024
1946560	sobosuba	2026
2100160	MotoGP™23	2023
2419670	Eclipsium	2025
2487060	Anonymous Hacker Simulator	2024
2530470	魔女庭園	2026
2531310	The Last of Us™ Part II Remastered	2025
2737980	純白交響曲 SANA EDITION	2024
2862860	Ukrainian Fight Drone Simulator (UFDS) - FPV drone simulator	2025
3009820	3D PUZZLE - Hospital 4	2024
3084810	Tower Lab	2026
3160090	Slot & Dungeons	2026
3698680	Golden Tee Arcade Classics	2025
3779380	逃離深淵	2026
4088670	Ludus Magnatus: Gladiator Manager Simulator	2026
4428630	My Fire Is Bigger Than Yours	2026
4490130	萬世劍塚	2026
4689420	Hachishakusama | 八尺様がいた夏休み	2026
551730	Toukiden 2	2017
588030	Derail Valley	2019
646270	60 Parsecs!	2018
711540	Lonely Mountains: Downhill	2019
1028590	The WILDS	2022
1134100	維京之城	2022
1158850	The Great Ace Attorney Chronicles	2021
1263240	Skate Story	2025
1607680	Bread & Fred	2023
1783560	The Last Caretaker	2025
1890310	Rogue Blight	2026
2001760	轉世之獸	2026
2103140	魔法工藝 Magicraft	2024
2147950	4D Golf	2024
2229890	《終極動員令：叛國者》	2024
2421410	全網公敵2 新世界	2025
2559270	Gym Simulator 24	2024
2627210	Corked	2023
3313720	今古羣俠傳	2026
3319740	壽司學日文	2025
3947390	Ribbit Rogue	2026
4486870	FEED THE AI	2026
234330	MARVEL Puzzle Quest	2013
250180	METAL SLUG 3	2014
264710	Subnautica	2018
437920	Tricky Towers	2016
593600	PixARK	2019
675010	MudRunner	2017
728740	Sniper Elite V2 Remastered	2019
1018800	非常普通的鹿 DEEEER Simulator	2021
1079800	Pistol Whip	2019
1105670	最後的咒語	2023
1247360	Grand Mountain Adventure: Wonderlands	2022
1353230	Bomb Rush Cyberfunk	2023
1540210	Arizona Sunshine® VR 2	2023
1859280	7 Days to End with You	2022
2058750	Monster Energy Supercross - The Official Videogame 6	2023
2060590	Wilmot Works It Out	2024
2085540	Stick It to the Stickman	2025
2213190	DEATH NOTE 暗影任務	2024
2321780	星艦戰將: 終焉蟲潮	2026
2437170	SMITE 2	2024
2440510	Forza Motorsport	2023
2605790	Deep Rock Galactic: Rogue Core	2026
2653790	8號出口	2023
2679100	巫師之塔	2026
2745870	Warfare Legacy Collection	2025
3599480	WonderLang Polyglot	2025
3602570	Horsey Game	2026
239140	Dying Light	2015
289650	《刺客教條：大革命》	2014
322500	SUPERHOT	2016
541570	Sally Face - Episode One	2016
567630	Blood of Steel	2020
595740	戰國無雙 〜真田丸〜	2017
825630	STEINS;GATE 0	2018
895870	Project Wingman	2020
923260	高爾夫之巅 - Golf Peaks	2018
1089980	The Henry Stickmin Collection	2020
1284410	GWENT: The Witcher Card Game	2020
1290000	PowerWash Simulator	2022
1307710	GRID Legends	2022
1332720	Thief Simulator 2	2023
1353300	Idle Slayer	2020
1543030	仙劍奇俠傳七	2021
1569580	Blue Prince	2025
1864690	Veterum	2026
2074750	All-In-One Summer Sports VR / 多合一夏天运动 VR	2023
2134770	SteamWorld Build	2023
2375550	人中之龍7外傳 英雄無名	2023
2514630	胡言山的魔理沙	2025
2751000	《波斯王子：失落王冠》	2024
2796920	Moto Knight	2024
3115220	無所市市	2026
3314060	模擬市民™經典典藏版	2025
3365040	萊莎的鍊金工房２ ～失落傳說與秘密妖精～ DX	2025
3495730	Lucid Blocks	2026
3561740	神探夏洛克：暗夜追蹤者	2026
3883760	Stretcher Together	2025
4071460	Tentacle Locker 2	2026
4563290	三國觀滄海	2026
4627110	Fell & Sell	2026
5029040	Jumbo Scooter	2026
400	Portal	2007
204360	Castle Crashers®	2012
363970	Clicker Heroes	2015
613830	CHRONO TRIGGER®	2018
761620	Beholder 2	2018
819030	STEINS;GATE ELITE	2019
1042550	Digimon Story Cyber Sleuth: Complete Edition	2019
1108270	Nova: Space Armada	2024
1237950	《星球大戰：戰場前線™ II》	2020
1324780	Easy Red 2	2022
1338770	Sniper Ghost Warrior Contracts 2	2021
1366570	RESONARK X	2020
1431300	SAND: Raiders of Sophie	2026
1634150	傾聽畫語: 最美好的景色	2021
1648390	ScooterFlow	2026
1660080	Aloft	2025
1805480	人中之龍 維新！ 極	2023
1850160	Poly Bridge 3	2023
1902690	Fate/Samurai Remnant	2023
1970030	東方華心傳 - Touhou Blooming Soul	2026
2067210	Serious Sam: Shatterverse	2026
2075680	Hidden Farm 2 Top-Down 3D	2022
2333480	RAID: Shadow Legends	2024
2491360	召唤之王 (Supreme Summoner)	2023
2628570	異星開拓者 - 太空基地建造	2025
2677480	Beat the Beats VR	2026
3458620	轮回修仙传	2025
3503710	中世紀馬匹商人模擬器	2026
3582250	Farm to Table	2026
3831120	江山北望	2025
4206270	Wireworks	2026
4368640	深度求財：挖打撤	2026
490110	The Precinct	2025
504210	SHENZHEN I/O	2016
599140	Graveyard Keeper	2018
633230	NARUTO TO BORUTO 新忍出擊	2023
701160	Kingdom Two Crowns	2018
761600	鬼武者（Onimusha: Warlords）	2019
774861	Project Winter	2019
858210	Nova Drift	2024
920210	LEGO® Star Wars™ : 天行者傳奇	2022
921570	歧路旅人	2019
1069660	Ultimate Admiral: Dreadnoughts	2023
1190000	Car Mechanic Simulator 2021	2021
1203710	UnMetal	2021
1386900	Observer: System Redux	2020
1509960	PICO PARK	2021
1577120	獵逃驚魂	2022
1922560	《植物大戰殭屍™：花園戰爭 2》 豪華版	2022
1969370	LEGO® Party!	2025
2015620	Valkyrie of Phantasm	2024
2289650	迷你空管 Mini Airways	2024
2414270	Sunderfolk	2025
2526380	Sword of Convallaria	2024
2603020	Citadelum	2024
2881370	感謝你的投遞	2026
3167920	Low-Budget Repairs	2026
3179730	幽室鬼牌（Deck of Haunts）	2025
3349970	電玩大亨： 肉鴿模擬器	2026
3373660	Look Outside	2025
3381680	Age of History 2: Definitive Edition	2026
3597200	Grail	2026
3889950	絕育大師	2025
4584110	Soul Land: Awakening World	2026
4585340	Horse Magnifier: The Full Horse	2026
333600	NEKOPARA Vol. 1	2014
412830	STEINS;GATE	2016
486860	MMORPG Tycoon 2	2020
686810	Hell Let Loose	2021
1244460	侏羅紀世界：進化 2	2021
1292940	Cube Escape Collection	2020
1594940	林中小女巫	2025
1599600	速速上菜！	2022
1638220	軒轅劍參外傳 天之痕	2021
1920430	FUMES	2025
1963680	GUNDAM 異軌征途	2027
2051620	Enlisted	2024
2161440	風帆紀元 Sailing Era	2023
2218400	貪婪大地	2025
2281730	Combat Master: Season 5	2023
2373990	我獨自升級：ARISE OVERDRIVE	2025
2665250	Rancher: A new life	2026
2786550	CURE - A Hospital Simulator	2025
3214610	Cinderia	2026
3598690	Pachinko Farm	2026
40700	機械迷城 (Machinarium)	2009
339340	Resident Evil 0	2016
365450	Hacknet	2015
440900	Conan Exiles Enhanced	2018
619820	鐵鎚守衛英雄傳2	2025
690040	SUPERHOT: MIND CONTROL DELETE	2020
718560	Scythe: Digital Edition	2018
731490	Crash Bandicoot™ N. Sane Trilogy	2018
766570	Russian Fishing 4	2021
848450	深海迷航 : 氷點之下	2021
851850	七龍珠Z 卡卡洛特	2020
861540	Dicey Dungeons	2019
1071870	知只大冒险	2020
1072750	That Flipping Mountain	2021
1100150	東方地霊殿 〜 Subterranean Animism.	2020
1135910	Hunting Simulator 2	2020
1162520	大富翁10 (RichMan 10)	2019
1282210	DEEMO -Reborn-	2020
1286580	Ship of Fools	2022
1689190	RAYZE	2021
1766740	Choo-Choo Charles	2022
1840800	Headquarters: World War II	2024
2120900	Fears to Fathom - Carson House	2023
2457540	カードファイト!! ヴァンガード ディアデイズ2	2025
2464530	VOIN	2024
2488370	浣幣模擬器	2025
2766910	PengPong 彈企鵝	2026
2878420	菜市場模擬器	2024
3205380	你有餅嗎？	2026
3224420	Milky Way Idle	2025
3328180	Snoopy & The Great Mystery Club	2025
3375780	Trails in the Sky 1st Chapter	2025
3886200	破碎怪談：切勿欺騙	2026
4047270	Orc Incremental	2026
4111370	觀鳥筆記	2026
4358380	千里山河錄	2026
4406280	the cabin game	2026
221910	The Stanley Parable	2013
363150	三國志13	2016
368500	《刺客教條︰梟雄》	2015
371970	Barony	2015
501300	What Remains of Edith Finch	2017
860510	小小夢魘2	2021
1061090	Jump King	2019
1206610	Rubber Bandits	2021
1296830	暖雪 Warm Snow	2022
1755920	Star Hunter - Infinite Lagrange	2021
2277560	明末：淵虛之羽	2025
2507980	數字魅影：極限競賽	2026
2679460	暗喻幻想：ReFantazio	2024
2703220	3D PUZZLE - World War II	2023
2903950	超偵探事件簿 霧雨謎宮 Plus	2024
2934220	Monsters are Coming!	2025
3186040	拖拖拉拉小菲镇	2025
3430470	白金檔案 PLATiNA :: LAB	2026
3976500	殭屍末世：地底全是財，挖寶蓋砲台	2026
4126040	伊莫	2026
4126530	Bounty Trail	2026
4200440	Nightmare Drive	2026
4216280	Dverghold	2026
204450	Call of Juarez: Gunslinger	2013
205100	Dishonored	2012
474960	Quantum Break	2016
612470	Bio Inc. Redemption	2018
711750	Monster Energy Supercross - The Official Videogame	2018
784080	MechWarrior 5: Mercenaries	2021
1150440	Aliens: Dark Descent	2023
1288320	Way of the Hunter	2022
1336490	風暴之城 Against the Storm	2023
1517290	《戰地風雲™ 2042》	2021
1674170	Sprocket	2021
1949030	Sherlock Holmes The Awakened	2023
2218750	Halls of Torment 苦痛殿堂	2024
2224610	我不背鍋	2023
2881650	Content Warning	2024
2914150	暈暈電波症候群	2026
3195790	White Knuckle	2025
3396010	Black Friday Janitor: Clean the Whole Mall	2026
3493400	放血醫師	2026
3643170	宇宙牌加油站	2026
3664060	心象天儀本線 ~Per aspera ad astra~	2026
4134600	EverRail	2026
4283360	團本自走棋	2026
282050	MX vs. ATV Supercross Encore	2015
287980	Mini Metro	2015
562260	WAVESHAPER	2017
607080	Psychonauts 2	2021
631510	Devil May Cry HD Collection	2018
677160	We Were Here Too	2018
728530	SD GUNDAM G GENERATION CROSS RAYS	2019
1131920	東方的迷宮 幻想鄉和通天的大樹	2021
1145360	Hades	2020
1158160	Coral Island	2023
1225570	《Unravel Two》	2020
1277400	Monster Hunter Stories 2: 破滅之翼	2021
1818450	STALZONE	2022
2206270	Vampire Hunters	2024
2663530	POOLS	2024
2808550	Sudden Strike 5	2026
3187010	Dinocop	2025
3366780	Outlaws + Handful of Missions: Remaster	2025
3405340	Megabonk	2025
3428570	囚徒的櫃臺	2026
3717330	人中之龍 極	2025
4144680	DEAD OR ALIVE 6 Last Round	2026
4249140	Dino Crisis 2	2026
4337440	梅莫莉：治癒物語	2026
4512570	A Game About Chopping Trees	2026
4573760	我的解体史	2026
304240	Resident Evil	2015
614570	Dishonored®: Death of the Outsider™	2017
617830	SUPERHOT VR	2017
647830	LEGO® Marvel Super Heroes 2	2017
742420	Saints Row	2023
790740	Tick Tock: A Tale for Two	2019
872670	SCP: 5K	2022
971030	SkateBIRD	2021
1267910	Melvor Idle	2021
1420770	Winter Resort Simulator 2	2020
1609230	Scarlet Hollow	2021
1621690	Core Keeper	2024
1691970	幸福槍彈辯駁Ｓ 超高中級的南國擲骰合宿	2022
2665680	巴別塔：混亂的倖存者	2026
2842040	Star Wars Outlaws	2024
2982610	Stonemachia	2026
3010460	Backroom Company	2025
3948110	奔跑吧 迷糊蛋: EX	2026
4190710	Shady job	2026
4369130	Chop Chop Inc.	2026
4842670	PC FISH: Taskbar Aquarium	2026
464350	Screeps: World	2016
784150	工人與資源：蘇維埃共和國 Workers & Resources: Soviet Republic	2024
978780	STORY OF SEASONS: Friends of Mineral Town	2020
1169040	奈斯啟示錄 Necesse	2025
1714510	九山：狼之城	2026
1824220	Chivalry 2	2022
1996630	《地城守護者黃金版™》	2024
2104890	RoadCraft	2025
2271930	暮色降臨時	2024
2751350	高爾夫傢伙	2024
2783360	Age of Empires Mobile: PC Edition	2026
3116700	地府有點忙	2026
3132930	纪念碑谷 3	2025
3411020	村与地下城	2025
4249130	Dino Crisis	2026
4537100	diffiCULT	2026
4846480	Front Line	2026
5035220	For the Fatherland: Chronicle of Park Chung-hee	2026
33230	Assassin's Creed 2	2010
331600	One Piece Pirate Warriors 3	2015
392070	Pumped BMX +	2015
494730	Galacticare	2024
647960	Rusted Warfare - RTS	2017
1161830	重鑄紀元：自由地	2025
1211600	隔離區-喪尸末日生存	2023
1672500	GUNDAM 創壞者4	2024
1710820	Cleared Hot	2025
1978590	憤怒腿	2024
2239550	Watch Dogs®: Legion	2023
2646720	Dead Weight	2026
2670630	Supermarket Simulator	2025
2799930	靈境·修仙界	2024
3226530	Tower Dominion	2025
3609750	整理拾光	2025
4198660	Demons' Timeline	2026
4532550	守护我的大火箭	2026
4538960	澤諾尼亞 1	2026
4605210	摸猫猫	2026
348470	SAMURAI WARRIORS 4-II	2015
740230	Just Ski+	2018
961200	先驱	2024
1215430	Make Me LAG	2020
1887840	蟹蟹寻宝奇遇	2024
2194730	ServiceIT: You can do IT	2025
2377280	Eriksholm: The Stolen Dream	2025
2830150	Super Mining Mechs	2024
2976870	台灣戀愛物語⁵	2024
3158070	死線勇者	2026
4173750	Angel Engine	2026
4224220	Skatesterre	2026
813230	ANIMAL WELL	2024
1689910	同級生Remake	2022
1928420	Farlight 84	2023
2666510	Rusty's Retirement	2024
3058360	法國小館兒模擬器	2025
427730	Who's Your Daddy?!	2016
990080	霍格華茲的傳承	2023
1710620	Winter Games 2023	2022
2453060	Dreamcore	2025
2830030	MOTORSLICE	2026
2870340	Decktamer	2025
4547970	Pih 2	2026
4927490	Cleaning Up The Puzzle Gallery	2026
460930	《火線獵殺：野境》	2017
1392860	小小夢魘3	2025
3035120	這位子形不形？	2025
1867240	WARDOGS	2026
3528450	紙房子	2025
2648900	井域：喀洛之血	2026
3376690	THE HOUSE OF THE DEAD 2: Remake	2025
494150	The Thrill of the Fight - VR Boxing	2019
4163030	Cat Chess	2026
1296610	柏青哥布林 Peglin	2024
4464990	Rollout Inline	2026
760640	Tennis Elbow 4	2026
1566200	Tape to Tape	2023
4465600	Bowling Alley Simulator	2026
738550	Spike Volleyball	2019
3468650	Cricket 26 - The Official Game of the Ashes	2025
1314410	Rugby Union Team Manager 3	2020
2518960	Wizardry: Proving Grounds of the Mad Overlord	2024
3576870	Blossom: The Seed of Life	2026
3274580	Anno 117: Pax Romana	2025
3618030	Flock Around	2026
1832040	Flintlock: The Siege of Dawn	2024
2340520	青嵐物語	2026
2692990	DON'T SCREAM TOGETHER	2025
20920	The Witcher 2: Assassins of Kings Enhanced Edition	2012
1462810	WRC 10 FIA World Rally Championship	2021
1906020	Drums Rock	2023
3558400	Backseat Drivers	2025
2668580	Cattie	2023
3034520	狐的歸途	2024
1052990	怪獸遠征	2020
2543180	泡姆泡姆	2025
1776970	近月少女的禮儀	2022
2066550	ERROR143	2022
1005300	The Jackbox Party Pack 6	2019
1947950	風雲拳擊物語 (Boxing Gym Story)	2023
3509230	Gambonanza	2026
535930	Two Point Hospital	2018
2794590	Scam Line	2026
2385530	《PGA TOUR 2K25》	2025
564230	Fire Pro Wrestling World	2017
3940610	EA SPORTS™ Madden NFL 27	2026
3376250	九球輪盤賭	2025
1785650	《職業網球大聯盟2K25》	2024
2384610	Franchise Hockey Manager 10	2023
32160	Zombie Bowl-o-Rama	2009
2525310	疊疊樂公國 (Drop Duchy)	2025
1581480	HUMANITY	2023
2116680	FAIRY TAIL 爆裂沙灘排球	2024
216260	Don Bradman Cricket 14	2014
528640	Rugby Union Team Manager 2017	2016
3844970	Burglin' Gnomes	2026
1342490	機甲戰魔 神話之裔	2025
1532200	Mars First Logistics	2025
1259420	Days Gone	2021
1216320	Shieldwall	2023
1898300	ASKA	2024
1778840	Spirit of the North 2	2025
4571080	血痕困鬥	2026
2939800	獸耳☆訓練 ～狂暴獸耳大小姐的養成～	2025
287290	Resident Evil Revelations 2	2015
20900	The Witcher: Enhanced Edition Director's Cut	2008
239160	Thief	2014
3745310	DEADLINE DELIVERY	2026
4189880	O2Jam : The Beginning	2026
3446190	Hatsune Miku Logic Paint S+	2025
3468400	Log Away	2025
4286410	ペンギンウォーズ	2026
1451480	The Greatest Penguin Heist of All Time	2026
1116540	DAVIGO: VR vs. PC	2023
1619230	The Star Named EOS：未曉星程	2024
1260520	Patrick's Parabox	2022
2213300	Might & Magic: Clash of Heroes - Definitive Edition	2023
1414910	蒼色之光與魔劍鍛造師	2025
3907380	網球王子 心跳求生 Tie break ♡ game	2026
1151640	Horizon Zero Dawn™ Complete Edition	2020
3478870	GeoGuessr Steam Edition	2025
394310	Punch Club	2016
3935020	Backyard Baseball	2026
4252700	執政官之魂	2026
2008980	XENOTILT: HOSTILE PINBALL ACTION	2024
1913210	AEW: Fight Forever	2023
3230400	《EA SPORTS™ Madden NFL 26》	2025
670290	真實檯球3D - Pool	2018
3354750	《skate.™》	2025
2591310	Pure Badminton	2025
1084520	雀姬/姫麻雀	2019
4038320	翻天喜地湊大錢	2025
3935420	Hotdangle	2025
2383820	Super 10 Pin	2025
1259790	魔法氣泡™ 特趣思™ 俄羅斯方塊™ 2	2021
1831700	Tin Hearts	2023
1044490	The Expression Amrilato	2019
3052520	Volleyborne: Unbound Horizons	2024
1028630	Cricket 19	2019
1157960	Blackout Rugby - World Cup Edition	2022
208200	DOOM 3	2012
1222730	STAR WARS™：中隊爭雄	2020
688420	Bad North: Jotunn Edition	2018
2947970	失眠的羊與孤獨的狼	2024
4015530	MyVoiceZoo	2025
799960	Wizard101	2018
212500	The Lord of the Rings Online™	2012
365360	戰場兄弟 Battle Brothers	2017
2182070	Band Space	2024
4671680	Left Not Right	2026
4054100	Sokogram	2026
329110	Gems of War - Puzzle RPG	2014
332950	Dark Deception	2018
3491690	lovebyte.exe	2026
2172910	隊長小翼2 世界群星	2026
2719060	Mirage Feathers	2024
3227760	紙嫁衣6千秋魘	2024
4259990	Corner King: Boxing Tycoon	2026
2878980	NBA 2K25	2024
4799080	Hakoniwa Base Ball	2026
981430	Gordian Quest	2022
1074080	SENRAN KAGURA Peach Ball	2019
2878960	WWE 2K25	2025
2395210	Tony Hawk's™ Pro Skater™ 一代與二代	2023
1106340	Legend Bowl	2021
394690	Tower Unite	2025
3760100	Pokerist™ 的 8 Ball	2026
346470	Tennis Elbow 2013	2015
1173370	Slapshot: Rebound	2024
1415920	PBA Pro Bowling 2021	2020
4572790	西瓜遊戲	2026
1874170	Shredders	2022
2943150	SNØ: Ultimate Freeriding	2025
1771110	Craftlings	2026
4826530	漢字でGOGO!	2026
3907880	Thunder Spikes Volleyball	2025
4717430	Cricket Management Tycoon	2026
328830	Rugby Union Team Manager 2015	2014
552500	Warhammer: Vermintide 2	2018
1473060	輪回的瓦爾基里	2025
325610	全軍破敵：阿提拉	2015
2597080	墨境	2026
2230450	Moses & Plato - Last Train to Clawville	2026
2413840	Cute Capybaras	2023
3086580	LOST EMBER: Rekindled Edition	2025
3849000	The Lantern of the Laughless Saint	2026
12210	Grand Theft Auto IV: The Complete Edition	2020
432350	Epic Battle Fantasy 5	2018
108710	Alan Wake	2012
19680	Alice: Madness Returns	2011
2769570	Fable	2027
2530490	Lost Eidolons: Veil of the Witch	2025
1430190	Killing Floor 3	2025
3339810	Ballest of Them All	2025
1849250	EA SPORTS™ WRC	2023
2527300	莉莉幻想曲	2026
1562420	FOREWARNED	2024
394510	HELLDIVERS™ Dive Harder Edition	2015
2692620	Hazard Pay	2026
2022180	Miss Neko 3	2022
2162820	無限的迷宮城	2026
1542280	明星志願2	2022
2633500	Dragon Throne: Battle of Red Cliffs	2024
3364070	The Jackbox Party Pack 11	2025
2600570	紙嫁衣5來生戲	2023
3484680	LES MILLS XR BODYCOMBAT	2025
1972440	Shotgun King: The Final Checkmate	2022
1295920	The Mortuary Assistant	2022
2780980	LOCKDOWN Protocol	2025
2730810	全民高爾夫 環球之旅	2025
3339880	OFF	2025
422510	DEMON'S TILT	2019
3137110	SACRIFICE VILLAINS：犧牲惡棍	2025
3170570	Backyard Football '99	2025
254440	Pool Nation	2013
3642010	Truck-kun is Supporting Me from Another World?!	2026
2054810	網球俱樂部物語 (Tennis Club Story)	2022
4209830	One Last Hand	2026
3739670	Franchise Hockey Manager 12	2025
2960500	Sparedevil	2024
2837600	The Alto Collection	2024
260330	Flockers™	2014
815780	PIPE by BMX Streets	2018
1632490	Shashingo: Learn Japanese with Photography	2024
1769270	Spikair Volleyball	2023
517220	Balls! Virtual Reality Cricket	2018
367550	Rugby League Team Manager 2015	2015
3072120	Backrooms Lost Runners	2026
1318690	shapez	2020
1604030	夜族崛起	2024
496760	The Beast Within: A Gabriel Knight® Mystery	2016
447530	VA-11 Hall-A: Cyberpunk Bartender Action	2016
833360	Star Valor	2022
987840	Expeditions: Rome	2022
1131410	Sable's Grimoire: Man And Elf	2020
466560	Northgard: Definitive Edition	2018
2739700	對魔忍雪風	2024
366320	Seasons after Fall	2016
2890240	Capy Castaway	2026
563840	LOST EMBER	2019
934700	Dead Island 2	2024
3761880	Night Shippers	2026
220	Half-Life 2	2004
1585180	困獸之国 Drova - Forsaken Kin	2024
2128480	Staffer Case - 異能緝凶	2023
953490	CARRION	2020
3150480	阿嘉莎．克莉絲蒂：《尼羅河謀殺案》 (Agatha Christie - Death on the Nile)	2025
235210	STRIDER™ / ストライダー飛竜®	2014
974480	Echoes of Mystralia	2026
2400640	奈米使徒計劃	2024
2225070	Trackmania	2023
1574360	大航海時代：起源	2023
1267540	WRC 9 FIA World Rally Championship	2021
1865960	Symphonia	2024
4187540	BLOODSAINT 2	2026
657200	Hand Simulator	2017
3002560	Containment Initiative 2	2025
4256830	Catch the Chiken	2026
1571100	飢餓派畫家2：迷失	2023
2804510	重生了还要我谈恋爱？	2024
22380	Fallout: New Vegas	2010
241240	Contraption Maker	2014
327890	I Am Bread	2015
334940	Yoku's Island Express	2018
336150	Virtual Pool 4	2015
346850	Chip's Challenge 1	2015
504230	Celeste	2018
530120	VR The Diner Duo	2016
610180	The Jackbox Party Pack 4	2017
618140	Barro	2018
752640	National Rugby Manager	2018
772180	Cricket Club	2018
777150	Adventure Land - The Code MMORPG	2026
1180320	三国杀	2021
1292630	3on3 FreeStyle: Rebound	2020
1352330	Zoo 2: Animal Park	2020
1497440	COCOON	2023
1538550	LEGO® Voyagers	2025
1562940	英雄傳說 創之軌跡	2021
1595510	Smasher and the Will o' the Thiccs	2022
1718460	Terminator 2D: NO FATE	2025
1718870	Spaceflight Simulator	2022
1731070	Asterigos：失落迷城	2022
1850510	TRIANGLE STRATEGY	2022
1859290	Crypto Miner Tycoon Simulator	2022
1879330	無雙OROCHI 蛇魔２ Ultimate	2022
1882500	Cattails: Wildwood Story	2023
1889740	紙境時空 Paper Trail	2024
1894430	Plan B: Terraform	2025
1904790	阿加莎·克莉絲蒂：東方快車謀殺案 (Agatha Christie - Murder on the Orient Express)	2023
2084720	棒球學院物語 (Home Run High)	2022
2125050	Out of the Cube	2022
2151290	Football Coach: College Dynasty	2025
2250500	Rhythia	2026
2432240	動物排球社	2026
2438110	急診室模擬器	2026
2492670	METAL GEAR SOLID 4: Guns of the Patriots - Master Collection Version	2026
2523120	King of the Bridge	2024
2564520	迷失蘭登：永恆骰子	2025
2593370	餓殍：明末千里行	2024
2597300	Guilty Loving Boxing	2024
2607320	黑道麻將	2024
2707110	Birds Organized Neatly	2024
2819400	Disc Golf Masters	2026
2976400	分叉路	2024
3112260	Virtua Fighter 5 R.E.V.O. World Stage	2025
3113870	Hockey Legacy Manager 25	2024
3146610	靈緣 ～化謎解咒，緣影交織～	2026
3315060	Ledgerbound	2026
3467040	Bookshop Simulator	2026
3542380	符文之骰	2026
3551340	Football Manager 26	2025
3604030	Wolf Mate	2025
3618520	Twin Shot Deluxe	2026
3640430	Worlds Upon The Wind	2026
3897800	Poker Night at the Inventory	2026
3907350	網球王子 學園祭的王子們 ♡-40 and more...	2026
4181370	胡鬧趕鴨	2026
4215780	Hidden Things Beach Elves	2026
4650440	西瓜遊戲 Planet	2026
32470	STAR WARS™ Empire at War - Gold Pack	2010
43100	World of Zoo	2009
110800	L.A. Noire	2011
233130	Shadow Warrior	2013
233860	Kenshi	2018
244850	Space Engineers	2019
257260	Inherit the Earth: Quest for the Orb	2014
282140	SOMA	2015
287390	戰慄深隧：最後曙光 重製版	2014
488310	Eleven Table Tennis	2016
491950	Orwell: Keeping an Eye On You	2016
570940	DARK SOULS™: REMASTERED	2018
599590	Volleyball Fever	2019
638000	When Ski Lifts Go Wrong	2019
777130	Blush Blush	2020
798290	MXGP PRO	2018
937170	宅男的人間冒險	2019
939350	Rugby Champions	2019
1033420	9-nine-天色天歌天籁音	2019
1116430	Mostly Intense Monster Defense	2019
1138190	Poker Championship	2019
1151050	高爾夫大亂鬥 / Golf Gang	2022
1153410	JDM: 漂移大師	2025
1157390	King Arthur: Knight's Tale	2022
1226160	College Bowl	2024
1343670	当铺人生2	2022
1450900	智械工廠 Desynced	2026
1454400	Cookie Clicker	2021
1461910	Rogue Command	2026
1489590	Astronite	2022
1492680	The Pathless	2021
1556790	Isonzo	2022
1585220	Melatonin	2022
1657630	Slime Rancher 2	2025
1701950	Crossing Guard Joe	2022
1921490	Wild Blue Skies	2026
1937500	Let's School	2023
1940410	Starri	2023
1973970	雀皇麻雀	2022
2096510	銜尾蛇國王	2023
2121980	Void Stranger	2023
2313720	Noun Town Language Learning	2026
2328760	Pinball FX	2023
2371890	狼之編年史	2025
2416510	Gundroid	2025
2538880	靈拳 Spirit X Strike	2025
2540490	Cool Cucumber Cricket	2024
2591280	F1® Manager 2024	2024
2688950	雲霄飛車之星 2	2024
2718010	Slash Quest	2024
2802710	Quantum Odyssey	2025
2876200	eXoSpace Combat Engineer	2025
3170540	Backyard Baseball '97	2024
3170590	Backyard Hockey '02	2025
3224540	VOIDFACE	2026
3337140	劫后公司	2026
3419520	《Quarantine Zone: The Last Check》	2026
3635220	Zynga Poker ™ – Texas Holdem	2025
3661430	Feather Land	2026
3972320	Loot Loop	2026
4271680	outpost4	2026
4302450	Capybara Pizza Cafe	2026
4385270	Stay: Your Forever Pet!	2026
4705650	Silent Shark	2026
4859540	Word Puzzle Master	2026
5020310	Dub Together	2026
70	Half-Life	1998
12200	Bully: Scholarship Edition	2010
238090	Sniper Elite 3	2014
254700	Resident Evil 4 (2005)	2014
260530	So Many Me	2014
269170	Sports Bar VR	2016
278080	真・三國無雙７ with 猛將傳	2014
286690	戰慄深隧2033 重製版	2014
307980	Cricket Captain 2014	2014
379430	Kingdom Come: Deliverance	2018
397460	The Jackbox Party Pack 2	2015
627450	RUGBY 18	2017
793460	112 Operator	2020
799600	Cosmoteer: Starship Architect & Commander	2022
814000	ONE PIECE 時光旅詩	2023
824720	Pure Rock Crawling	2024
851670	LUMINES REMASTERED	2018
917720	駭遊俠探 - 決定版	2021
920320	Virgo Versus The Zodiac	2019
976390	9-nine-九次九日九重色	2019
994910	Poker Master - 德州撲克、輪盤、二十一點、百家樂、奧馬哈、老虎機、提恩帕蒂、麻將、鬥地主、港式五張、鬥牛、十三水	2020
1017900	Age of Empires: Definitive Edition	2019
1072500	AO Tennis 2	2020
1133590	Stilt Fella	2020
1151450	受讚頌者 給逝者的搖籃曲	2021
1201240	BLEACH Brave Souls - 3D動作	2020
1240210	There Is No Game: Wrong Dimension	2020
1244800	Terraformers	2023
1259800	MXGP 2020 - The Official Motocross Videogame	2020
1262540	《極速快感™》	2020
1281590	黑相集：灰冥界	2021
1411020	Perennial Order	2024
1447820	The Girl from Arkanya	2025
1477590	EZ2ON REBOOT : R	2022
1532690	BLACKTAIL	2022
1548850	Six Days in Fallujah	2023
1628610	Paquerette Down the Bunburrows	2023
1649950	News Tower	2025
1694600	THE HOUSE OF THE DEAD: Remake	2022
1701190	Chessformer	2022
1715280	機場：模擬地勤	2023
1716740	Starfield	2023
1796470	Haste	2025
1936360	Escape From Mandrillia: Local Asymmetric VR+PC	2025
2026820	Die in the Dungeon	2026
2287520	Five Nights at Freddy's: Help Wanted 2	2023
2330720	ChipWits	2025
2366980	Thank Goodness You're Here!	2024
2415010	A Date with Death	2023
2507870	麻雀將士 - 領域爭奪者	2023
2563760	BMX Bastards	2024
2590150	一鵝當先 / Faaast Penguin	2024
2673760	Hockey Legacy Manager 24	2023
2685270	Where Foxes 狐狸在哪里	2024
2703850	Rooftops & Alleys: The Parkour Game	2025
2928410	挑戰標準桿：高爾夫球場大亨	2026
2988830	Parse-O-Rhythm	2024
3104970	Backyard Baseball '01	2025
3128780	ChanceBall	2024
3288210	Super Meat Boy 3D	2026
3464370	沙尼‧羊研究室	2025
3496970	GLOOPALAXY	2026
3570060	The Ember Guardian	2026
3843360	法牌英雄	2026
3969080	楓之谷M	2026
4111110	Предновогодняя сказка	2025
4145350	愛麗絲與惡魔的牢獄	2026
4237080	Animic : Attack with your voice !	2026
4286120	Photomaly	2026
4292950	Shao Song I	2026
4359800	Don't Panic Together	2026
4366330	Rift Wizard 3	2026
4517460	Total Football Online	2026
4537400	Paper2Galgame	2026
4555100	War Room Football	2026
3620	Zuma's Revenge!	2009
72400	Clones	2010
207610	The Walking Dead	2012
217140	Rise of the Triad	2013
240720	Getting Over It with Bennett Foddy	2017
245170	Skullgirls 2nd Encore	2013
314000	Pool Nation FX Lite	2015
356570	Party Hard	2015
384180	Prominence Poker	2016
423230	Furi	2016
445220	Avorion	2020
447040	Watch_Dogs® 2	2016
454140	First Person Tennis - The Real Tennis Simulator	2019
464850	Don Bradman Cricket 17	2017
541930	Panoptic	2020
756800	Contraband Police	2023
800270	Terraforming Mars	2018
1054340	Logic World	2021
1129580	Medieval Dynasty	2021
1157700	Pro Wrestling Sim	2021
1164690	Wigmund	2022
1178830	光明記憶：無限	2021
1202130	Starship Troopers: Terran Command	2022
1382330	女神異聞錄５ 亂戰：魅影攻手	2021
1475840	Rhythm Sprout: Sick Beats & Bad Sweets	2023
1487210	Super Mega Baseball™ 4	2023
1552350	The Jackbox Party Pack 8	2021
1580520	Lost Eidolons	2022
1673620	金屬節奏	2021
1677350	EA SPORTS™ PGA TOUR™	2023
1766540	Wonderputt Forever	2022
1797610	Barro 22	2021
1822910	Capybara Spa	2022
1913680	Elevator Action™ -Returns- S-Tribute	2022
1926520	Ambulance Life: A Paramedic Simulator	2025
2013360	The Oregon Trail	2022
2067920	Rogue : Genesia	2025
2093920	災變前夜	2024
2111550	Schrodinger's Cat Burglar	2026
2258770	殼之少女	2023
2291850	Underground Blossom	2023
2392500	Ever 17 - The Out of Infinity	2025
2421510	Crescent Quest	2023
2459620	William and Sly	2024
2494350	Pro Cycling Manager 2024	2024
2507820	角鬥士血域 - Bloodgrounds	2026
2522430	BREAK ARTS III	2025
2545710	《Tony Hawk's™ Pro Skater™ 3 + 4》	2025
2622820	Dobbel Dungeon	2026
2629680	ATV Offroad Simulator 24	2023
2667120	Ballionaire	2024
2698420	重建你的島嶼	2026
2740280	Tactic Boxing	2024
2824490	魔王將至 He is Coming	2025
2837720	Rugby League Team Manager 4	2025
2965280	國際象棋	2024
2994020	Puck	2025
3135200	Legacy of Defense	2026
3137350	Motion Soccer PRO	2025
3183760	SpeedRunners 2: King of Speed	2026
3253530	PIT OF GOBLIN	2024
3256150	姆明：冬日尋暖	2026
3265290	Swan Song	2026
3281410	Ells Tales: Chairbound	2025
3328900	MySims™	2025
3332060	Feng Shui Meowjong	2026
3470170	女王遊戲	2025
3521270	Phoenix's Faye.飞儿	2025
3547270	居家蟲事	2026
3564340	專業抬槓	2026
3651310	造景貼紙：療癒小角落	2025
3681580	Bowlers : The bowling experience	2025
3730100	Whispers from the Star	2025
3762660	Trials Survivors	2026
3813380	Touhou Volleyball	2025
3839360	小小鸟托邦	2026
3992310	Cats and Seek: 動物園	2026
4042160	Static Dread: The Submarine	2026
4080030	The Message from Deep Space	2026
4274260	Tales Of Glory 4 : Ragnarok	2026
4377370	Gargadusa's Tower	2026
4847780	Chaos Warrior	2026
7200	Trackmania United Forever	2008
17470	《絕命異次元》 (2008年)	2009
17480	《終極動員令：紅色警戒 3》	2009
21970	R.U.S.E.™	2010
200510	XCOM: Enemy Unknown	2012
245390	I Have No Mouth, and I Must Scream	2013
250320	The Wolf Among Us	2013
252750	MouseCraft	2014
259680	Tales of Maj'Eyal	2013
331670	The Jackbox Party Pack	2014
332800	Five Nights at Freddy's 2	2014
471550	Nine Parchments	2017
507490	Ashes of the Singularity: Escalation	2016
532190	Super Blood Hockey	2017
634160	Cattails | Become a Cat!	2017
649640	Ashes Cricket	2017
667720	Red Faction Guerrilla Re-Mars-tered	2018
694130	My Free Zoo	2017
735280	EMERGENCY 20	2017
789940	UNYIELDER -不屈者-	2025
893720	One Hand Clapping	2021
1097620	Fast and Low	2023
1116050	Starminer	2026
1119800	Brume	2019
1127700	逆向坍塌：麵包房行動	2024
1235110	Rising Star 2	2020
1307580	TOEM: A Photo Adventure	2021
1335830	連之島生存指南	2025
1339000	Aquarium Designer	2021
1424800	大航海時代Ⅳ with 威力加強版 HD Version	2021
1437760	Peripeteia	2025
1466640	九十六號公路	2021
1483580	Death Ski	2021
1620340	Wrestling Empire	2021
1724140	Craftomation 101: Programming & Craft	2026
1724440	Epic Fantasy Battle Simulator	2021
1726120	Cursed to Golf	2022
1880930	Rugby Union Team Manager 4	2022
1923690	足球俱樂部物語 (Pocket League Story)	2022
2054520	Gawr Gura: Quest for Bread	2026
2112740	Humanica	2026
2295970	UFO ROBOT GRENDIZER - The Feast of the Wolves	2023
2341530	ForeVR Bowl VR	2023
2402280	Werewolf: The Apocalypse — The Book of Hungry Names	2024
2447680	孤島筆記	2025
2486740	Sledders	2025
2501600	DICEOMANCER	2024
2514960	憶我: 一個性格測試遊戲	2023
2527390	Dead Rising Deluxe Remaster	2024
2698780	合同村	2025
2714600	Hidden Capybaras with Orange	2023
2748340	Goblin Cleanup	2025
2756930	PUMP IT UP RISE	2026
2866670	NBA THE RUN	2026
2870920	Restaurats	2025
2897590	GRADIUS ORIGINS	2025
3021100	阿西, 美女室友竟然...？	2024
3084370	迴彈深淵	2026
3099630	網球天使	2025
3151270	One Turn Kill	2026
3219580	Theta and Paralldox on Worldlines	2026
3278310	LANESPLIT	2026
3415240	小小收納師	2025
3428330	Touhou Volleyball Danmaku	2025
3437350	桌面鳥舍：小小鳥陪你摸大魚	2025
3688340	箸的使用方法	2025
3756340	Cheat Death	2026
3830210	Hyper Chess	2025
3855540	BLACK SOULS II	2025
3894520	Keine's Expanding Class!	2026
4074010	Dig, Dig, Die	2026
4207270	Survivors：島嶼冒險	2026
4249110	Resident Evil 2 (1998)	2026
4304820	Locktale	2026
4309030	错过的暑假可以放第二次吗？	2026
4323800	關守神	2026
4484100	とららの麻雀教室	2026
4519130	MOLDRISE	2026
4643090	不/存在的莉莉絲	2026
4644050	維京雜貨鋪	2026
4985140	Football Fictional World Simulator	2026
17390	SPORE™	2008
227220	Sang-Froid - Tales of Werewolves	2013
232910	TrackMania² Stadium	2013
274250	OlliOlli	2014
305380	Blue Estate The Game	2015
314070	Super Mega Baseball: Extra Innings	2015
363130	討鬼傳 極	2015
366250	METAL SLUG	2015
442120	Pinball FX Classic	2017
445190	Expeditions: Viking	2017
460950	Katana ZERO	2019
485610	足球在線：球3D	2017
504130	Manual Samuel - Last Tuesday Edition	2016
528110	Tennis Elbow Manager	2016
534550	Guacamelee! 2	2018
550320	art of rally	2020
587430	I Expect You To Die	2017
613880	Zoo Tycoon: Ultimate Animal Collection	2018
622830	Battle Chess	2017
679900	Swords & Souls: Neverseen	2019
687800	Heads Will Roll: Reforged	2023
803830	The Snowboard Game	2018
885970	全軍破敵：羅馬－重製版	2021
995680	Truck Mechanic: Dangerous Paths	2026
1094870	Acron: Attack of the Squirrels!	2019
1108370	鼠之城邦	2020
1124300	人類	2021
1147890	Bonfire Peaks	2021
1153640	Chorus	2021
1162650	劍為君舞	2020
1237070	The Cyclist: Tactics	2021
1262600	Need for Speed™ Rivals	2020
1297790	Sunday Rivals	2022
1475850	Rugby 22	2022
1507580	Enigma of Fear	2024
1528050	Underland	2021
1560250	Rising Front	2026
1591490	Distant Memoraĵo	2021
1637320	Dome Keeper 穹頂守護者	2022
1670780	Out of Action	2026
1678650	Box Knight	2026
1701380	Cricket 22	2021
1749860	Lushfoil Photography Sim	2025
1810820	世界樹的迷宮Ⅲ 星海的訪客 HD REMASTER	2023
1846170	Iron Lung	2022
1850960	The Jackbox Party Pack 9	2022
1882230	Rockstar Life	2022
1976860	MORSE	2025
2133870	Golfinite	2023
2172010	Until Dawn™	2024
2204900	STREET UNi X	2024
2223740	阿加莎·克莉絲蒂- 赫丘勒·白羅：倫敦案件	2023
2245180	VORON: Raven’s Story	2025
2305840	Cat Quest III	2024
2389500	Skiing Frenzy	2023
2413950	Final Sentence	2026
2453660	Hoop Land	2025
2475460	SOS OPS!	2023
2506160	Fears to Fathom - Ironbark Lookout	2023
2510960	Temtem: Swarm / 腾兽：傾巢而出	2026
2698940	《飆酷車神：動力慶典》	2024
2718160	RUVN Contest Reboot	2026
2768380	Repterra	2026
2860450	Happy Sheepies	2024
2873080	不/存在的你，和我	2024
2885620	Hidden Capybaras with Orange in the Whimsical Library	2024
2890830	Streamer Life Simulator 2	2026
2942950	盒子面包坊	2026
3088400	Deadly Trick	2026
3100370	地獄黑傑克 Black Jacket	2026
3166420	VolleySmash	2025
3414580	Forbidden Solitaire	2026
3430340	Dice A Million	2026
3431340	Call of Ponchy : Mahjong Warfare	2025
3748640	Wasteland Bites	2026
3755860	BLACK SOULS	2025
3970110	Snooker Blitz	2026
4168430	The Joy of Putting: Mini-Putt	2026
4249120	Resident Evil 3 Nemesis (1999)	2026
4262310	All Hail the Orb	2026
4317690	Crimson Moon	2026
4332200	King’s Well	2026
4594500	Skollorn	2026
4776160	Rutrum	2026
3320	Insaniquarium Deluxe	2006
3700	Sniper Elite	2009
21800	Tom Clancy's EndWar™	2009
34010	Alpha Protocol™	2010
250900	The Binding of Isaac: Rebirth	2014
252530	OMSI 2: Steam Edition	2013
292500	Kero Blaster	2015
305620	The Long Dark	2017
311690	Enter the Gungeon	2016
348300	Chip's Challenge 2	2015
366230	BASEBALL STARS 2	2016
489630	Warhammer 40,000: Gladius - Relics of War	2018
532210	Life is Strange 2	2018
538030	異種航員2 Xenonauts 2	2026
552080	IronWolf VR	2022
557340	My Friend Pedro	2019
590830	s&box	2026
610190	無雙☆群星大會串	2017
617480	時光之塔	2018
666570	Infectonator 3: Apocalypse	2018
685240	Paradiddle	2022
712100	全軍破敵傳奇：不列顛王座	2018
760630	Tennis Elbow Manager 2	2021
774461	The Jackbox Party Pack 5	2018
817720	Cricket Captain 2018	2018
846730	RUGBY 20	2020
853200	Shred! 2 - ft Sam Pilgrim	2018
899770	Last Epoch	2024
915230	滾彈吧殭屍 Zombie Rollerz: Pinball Heroes	2022
952100	Bad Pixels	2026
955900	了不起的修仙模擬器	2020
966400	Speaking Simulator	2020
1029780	Going Medieval	2026
1056570	TAISHO x ALICE episode 1	2019
1178880	Panzer Dragoon: Remake	2020
1203190	Wreckfest 2	2025
1248130	Farming Simulator 22	2021
1342620	Werewolf: The Apocalypse — Heart of the Forest	2020
1345870	Franchise Hockey Manager 7	2020
1448440	Wo Long: Fallen Dynasty （臥龍：蒼天隕落）	2023
1543760	Steep Slopes	2021
1546100	A Musical Story	2022
1573720	阿加莎·克莉絲蒂 - 赫丘勒·白羅：最初的案件	2021
1581580	The Legend of Bear-Truck Trucker	2021
1708870	第七号列车 - Train No. 7	2021
1745800	Doom Work	2021
1769170	Shattered Pixel Dungeon	2022
1859990	Out of Orbit	2023
2021960	Cozy Grove: Camp Spirit	2026
2102490	籃球熱潮物語 (Basketball Club Story)	2023
2212330	Your Only Move Is HUSTLE	2023
2221390	Damned 2	2025
2246110	Q REMASTERED	2023
2274620	Discounty : 打骨折超市日記	2025
2477340	Expeditions: A MudRunner Game	2024
2544760	黑獸2‧改	2023
2563850	Slime Volley	2023
2598800	靈能哨衛 : 無限 Psionic Sentry : Infinite	2025
2682270	Pight	2026
2739630	of the Devil	2025
2840770	Avatar: Frontiers of Pandora™	2024
2849080	Kingdom Rush 5: Alliance TD	2024
2926680	Tiny	2025
3005620	Drop Pockets	2025
3082620	無極群俠傳	2024
3198680	Puttler	2025
3218090	Off Trail	2024
3236710	益智方塊: 不朽版	2025
3293010	Easy Delivery Co.	2025
3337210	Girls Made Pudding -少女布丁旅情-	2025
3435750	SNAREWAVES' SHOOTING CHALLENGE	2025
3488460	dirtbag MAHJONG	2025
3530820	Puzzling Places - 3D Jigsaw Sim	2026
3601190	銀盤滑冰場物語 (Skating Rink Story)	2025
3627790	紙嫁衣7卿不負	2025
3633760	KAZ	2026
3754430	Ribbit Ranch	2025
3800850	Sakura Gozen	2026
3879660	OverField	2025
3922100	Forest Doesn’t Care	2025
3962270	調香師小鋪	2026
3979870	Birds Watching	2026
3988570	同步音律喵賽克:回歸	2026
4072340	Capyvarias	2026
4117730	旋刃陀螺	2026
4297840	Rock Bottom	2026
4330860	Desktop Nard: Dice Idle	2026
4403510	Sensory Overload	2026
4860970	Football Agent	2026
4864000	Terraforming Titans	2026
4904910	Football Dynasty Manager	2026
4922330	Casino Legends	2026
20530	Red Faction	2009
210170	Spirits	2012
234270	Ken Follett's The Pillars of the Earth	2017
259940	YOU DON'T KNOW JACK Vol. 2	2013
300610	Pure Pool	2014
365660	OlliOlli2: Welcome to Olliwood	2015
424840	Little Nightmares	2017
488790	South Park™: The Fractured But Whole™	2017
498240	Batman - The Telltale Series	2016
525950	JUST BAT (VR CRICKET)	2016
526870	滿意工廠	2024
544540	The Fastest Fist	2016
567140	Mahjong Magic Journey	2018
622220	Fate/EXTELLA LINK	2019
658990	Icycle: On Thin Ice	2017
681530	NOISZ	2018
757210	EMERGENCY 4 Deluxe	2018
797430	HD Poker: Texas Hold'em	2018
839770	Phoenix Point	2020
868520	killer7	2018
1080750	Mutazione	2019
1142040	給恆星 - For Stella	2026
1155650	Shady Knight	2024
1161680	Bomb Bowling 2	2019
1172380	《STAR WARS 絕地：組織殞落™》	2019
1211020	Wobbly Life	2025
1212940	Ayahuasca	2020
1222040	Offroad Mania	2020
1299360	暴走大鵝	2021
1331670	International Space Banana	2021
1337530	Maskmaker	2021
1385380	Across the Obelisk	2022
1484180	冰球大莽鬥	2024
1492620	Jelly Is Sticky	2022
1583520	碧嶼之下 妮婭與不思議齒輪	2026
1794240	SysAdmin Odyssey - Back to the office	2026
1843880	Tumblebugs	2022
1955850	Basureroes: Invasion	2025
1975440	碧波之下	2023
1981570	Land of the Vikings	2023
2081540	Rustled Pete	2023
2201320	Date Everything!	2025
2249040	Blood Moon	2023
2251220	雲霄一刻 (High Times)	2026
2288070	The Ninja Saviors: Return of the Warriors	2023
2393970	Human Host	2026
2400340	東方獣王園 〜 Unfinished Dream of All Living Ghost.	2023
2442460	Citizen Sleeper 2: Starward Vector	2025
2479090	黃昏遠征軍	2026
2524930	We Escaped a Twisted Game	2025
2552450	KINGDOM HEARTS III + Re Mind (DLC)	2024
2609490	Foxy Tales	2023
2627570	Goofy Gorillas	2023
2630020	夢魘騎士 ~聖潔少女與墮落魔法~	2024
2630820	3D PUZZLE - Harbor	2023
2669380	BRUTALISTICK VR	2024
2686690	Suika Shapes	2023
2730540	Card-en-Ciel 天穹卡牌錄	2024
2732960	《終極動員令：將軍零時》	2024
2742280	夢幻足球員明日翔	2026
2745090	Elf Kicker	2024
2772750	Age of History 3	2024
2782020	WATTGAMES	2025
2814990	Screamer	2026
2874360	Bird Feather: Aquamarine World	2024
2878450	Master of Command	2025
2885610	Hidden Capybaras with Orange and Pumpkins: Spooky Halloween Edition	2024
2920570	Dale & Dawson Stationery Supplies	2024
2936290	The Life and Suffering of Prince Jerian	2026
3009780	3D PUZZLE - Underground	2024
3012220	雙截龍再臨	2025
3013550	Yu-Gi-Oh! EARLY DAYS COLLECTION	2025
3168260	Blackthorn Arena: Reforged	2024
3204040	Rugby Tycoon Rugby Rovigo Delta	2025
3219190	Axis Football 2026	2025
3309140	Ragnar	2026
3353100	Passant: A Chess Roguelike	2025
3393070	怪獸 8號 THE GAME	2025
3417410	這個商城不太對勁	2026
3417940	貓貓亂搗蛋 Cat Chaos	2026
3423990	Frozen Ship	2026
3448650	Aliens: Fireteam Elite 2	2026
3505250	Skilander	2025
3576070	Sudden Attack Zero Point	2026
3667060	Cryptid Keeper	2026
3720110	PULLBACK RACERS	2025
3861120	Hangtime!	2025
3894590	字謎探案	2025
3969700	RIBBITS	2025
4039080	桌面戰鬥模擬器 (桌戰模擬器)	2026
4111390	Nickelodeon Extreme Tennis: Next!	2026
4120310	70年代風格機器人動畫《蓋比X》	2026
4249100	Resident Evil (1996)	2026
4317790	最後的海盜：無人生還	2026
4699920	天平遊戲1:抉擇	2026
4820990	Hangin' Off!	2026
4859270	暗黑骨牢	2026
4935210	Homicide Desk	2026
10140	3D Ultra™ Minigolf Adventures	2009
17330	Crysis Warhead®	2008
24810	終極動員令3：肯恩之怒	2009
202970	Call of Duty®: Black Ops II	2012
203160	Tomb Raider Game of the Year	2013
221680	Rocksmith® 2014 Edition REMASTERED LEARN & PLAY	2024
261030	The Walking Dead: Season Two	2013
266210	One Way Heroics	2014
282070	This War of Mine	2014
329050	Devil May Cry 4 Special Edition	2015
367270	Angels Fall First	2026
371660	Far Cry® Primal	2016
374900	Agatha Christie - The ABC Murders	2016
493900	Dungeons 3	2017
518060	Chess Ultra	2017
527700	Containment Initiative	2017
541210	Cold Waters	2017
548230	SPINGUN	2016
601050	進擊的巨人２	2023
801480	Agent A - 偽裝遊戲	2019
812160	Etherborn	2019
821250	Flotsam	2025
841190	Honey, I Joined a Cult	2022
864060	Marble It Up! Ultra	2018
864680	Rover Mechanic Simulator	2020
1011610	Radio General	2020
1013320	火之石 – 英雄放置点击RPG	2024
1015930	Blood Rage: Digital Edition	2020
1018160	MXGP 2019 - The Official Motocross Videogame	2019
1067100	Smart Gecko	2019
1108590	Eldest Souls	2021
1126990	PBA Pro Bowling	2019
1154080	Rugby League Team Manager 3	2020
1206070	音域之城（Phonopolis）	2026
1227650	波蘭球：編年史	2023
1294420	室內滑輪賽	2022
1308700	Wizardry: The Five Ordeals	2023
1336060	TAISHO x ALICE episode 2	2020
1356040	Ampersat	2022
1436990	Feign	2025
1468720	Ultimate Epic Battle Simulator 2	2023
1491000	War Robots: Frontiers	2025
1537830	《迪士尼無限飛車》— Disney Speedstorm	2023
1547890	Let's Build a Zoo	2021
1557740	ROUNDS	2021
1566390	Seed of the Dead: Sweet Home	2021
1627870	ODDADA	2024
1684930	CULTIC	2022
1689500	Dune: Imperium	2024
1755580	The Jackbox Party Starter	2022
1779030	So to Speak	2025
1829470	Melody's Escape 2	2026
1851720	Dead Pets: A Punk Rock Slice of Life Sim	2026
1925560	Tricking 0	2022
1949190	亡靈巫師	2022
1962663	《決勝時刻®: 現代戰域™》	2022
1990110	咒運魔骰	2025
2130460	零 ～月蝕的假面～	2023
2159050	Blessed Work	2022
2170100	Volley Pals	2023
2212910	Expeditions: Samurai	2026
2215390	Five Nights at Freddy's: Secret of the Mimic	2025
2230650	TEVI	2023
2276930	Chillquarium	2023
2311990	Rack and Slay	2024
2333390	Cricket Captain 2023	2023
2337640	Pinball FX Midnight	2023
2375530	Descenders Next	2025
2383130	迷霧計畫	2026
2389830	閃攻機人アスラ - ASURA THE STRIKER -	2025
2523770	The Lord of the Rings: War in the North™ - Legacy Edition	2026
2637990	Duck Detective: The Secret Salami	2024
2684790	William and Sly: Classic Collection	2023
2697000	The Legend of Khiimori	2026
2849760	Onychomp : Lush journey	2025
2929040	Fleetbreakers	2026
3009850	Hard Time III	2024
3035570	Assassin's Creed Mirage	2024
3124230	Jackal	2026
3153020	Skatehouse	2025
3176060	Emissary Zero	2025
3214530	Treasure 'n Trio	2025
3323490	Truxton Extreme	2026
3399950	你的老母	2025
3530670	Mosaic of The Pharaohs	2025
3585230	Pro Basketball Manager 2026	2025
3586660	Word Play	2025
3690490	Frostrain 2	2026
3711050	BeaterCore	2026
3743220	A Solitaire Mystery	2025
3776680	Sunfluffs	2025
3802850	Window Aquarista	2026
3956070	The Succubus Trap Island	2026
4083980	Poker Omaha	2025
4100880	Brutal Ball Manager 2	2026
4108270	ShuffleHunt	2026
4214820	權力遊戲：國王大道	2026
4289560	Pound for Pound: MMA Promotion Simulator	2026
4312900	Coastal Summit Sports: College Hockey 26	2026
4555950	The Office Void	2026
4634560	絨毯を洗うゲーム	2026
4640320	17 Steps	2026
4677280	GUTTED: Infested Crypts	2026
4818580	三國志經典	2026
4933990	Alembic	2026
2280	DOOM + DOOM II	2007
7800	Stubbs the Zombie in Rebel Without a Pulse	2021
15210	Silent Hunter® III	2008
15320	IL-2 Sturmovik: 1946	2008
31830	Nancy Drew®: Curse of Blackmoor Manor	2009
213670	South Park™: The Stick of Truth™	2014
227580	10,000,000	2013
246900	Viscera Cleanup Detail	2015
249130	LEGO® Marvel™ Super Heroes	2013
312610	METAL SLUG X	2014
312780	Way of the Samurai 4	2015
322450	FRAMED Collection	2018
460790	Bayonetta	2017
464060	RUINER	2017
485900	Hardware Engineers	2019
503560	911 Operator	2017
518040	Volleyball Unbound - Pro Beach Volleyball	2016
554620	Life is Strange: Before the Storm	2017
561600	MXGP3 - The Official Motocross Videogame	2017
568220	Lobotomy Corporation | Monster Management Simulation	2018
848050	GP Bikes	2021
859580	Imperator: Rome	2019
883860	卡德里亞道具屋	2018
956450	Rogue Fable III	2021
973580	Sniper Ghost Warrior Contracts	2019
1004640	FINAL FANTASY TACTICS - The Ivalice Chronicles	2025
1030830	四海兄弟II 決定版	2020
1076640	Cricket Captain 2019	2019
1086410	Golf Around!	2020
1099410	全軍破敵傳奇：特洛伊	2021
1100140	東方風神録 〜 Mountain of Faith.	2020
1103520	Foodie Bear	2019
1130410	Cyber Hook	2020
1136370	Bear and Breakfast	2022
1150640	Yu-Gi-Oh! Legacy of the Duelist : Link Evolution	2020
1161590	Punch Club 2: Fast Forward	2023
1165530	Offroad Truck Simulator: Heavy Duty Challenge®	2023
1216710	全網公敵	2021
1249480	Ex-Zodiac	2022
1252330	DEATHLOOP	2021
1271250	Date Night Bowling	2021
1276760	七龍珠 破界鬥士	2022
1283230	Autopsy Simulator	2024
1303670	WORLD OF ART JIGSAW PUZZLES	2020
1318740	Farlanders	2023
1322010	Automata Break	2020
1348700	狼與辛香料VR2	2020
1375760	Tropicalia: a Brazilian Game	2023
1414180	母胎單身	2021
1445790	Make Way	2023
1455630	THE GAME OF LIFE 2	2020
1483870	Draw & Guess - 你畫我猜	2021
1583320	Pro Soccer Online	2025
1641960	Forever Skies	2025
1642890	Disc Golf Valley	2021
1652250	傳說與戰術自走棋	2024
1788850	你已经猜到结局了吗	2022
1815780	狂野飆車：競速傳奇	2022
1923790	Linelith	2022
1948870	Pierre's Adventures in French [Learn French]	2022
2005050	Dance Dash	2023
2102040	我的小柯基	2025
2185030	当铺人生传奇	2025
2234150	BACKROOMS: APPREHENSION	2025
2286880	無盡的煙花模擬器	2023
2307350	Into the Radius 2	2026
2340870	Rugby 25	2025
2400510	再來一張	2024
2417000	Hunter: The Reckoning — The Beast of Glenkildove	2025
2497070	Cosmic Coop	2025
2533600	Bloodthief	2025
2581700	MotoGP™24	2024
2614910	Dunchess	2026
2652600	SealChain: Call of Blood	2026
2672470	UnLoop	2025
2693410	The Reason for Your Smile	2025
2702170	Strange Jigsaws	2025
2719200	SAMURAI WARRIORS 4 DX	2024
2765320	天臨混元	2026
2774390	侠落：百花杀尽	2026
2813380	Mega Quiz Gaming	2024
2957700	太太！我喜歡你！	2025
2957720	Neon Inferno	2025
3114410	選技大亂鬥	2024
3127000	Splintered	2025
3156770	Witchfire	2024
3165680	Avakin Life	2026
3189440	Swords & Souls Legacy Collection	2025
3202950	Fresh Tracks	2025
3230290	BlightFog	2024
3284780	Mahjong Realms	2025
3336620	Liminal Shroud	2026
3357130	Figure Skating Legends	2025
3358340	Witchblood	2026
3396100	Third Person Basketball Court	2026
3438810	美少女夢工場: 預言之子	2025
3457930	Scrongly	2025
3580160	Ambrosia Sky	2025
3584920	Chinese Street Food Legend	2026
3658600	愛上!小狐娘	2025
3717070	WWE 2K26	2026
3885930	沙盤戰爭：三國	2026
3922310	Tiny Whiny Island	2025
3929760	Incredicer	2025
3947040	Pegfinity	2026
4071040	三国：百将牌	2026
4078200	Dwarf Eats Mountain	2026
4169930	我的蛋鴨 (桌面隨機放置點擊器)	2025
4177880	Wizard Pool	2026
4211900	棒球觀測者	2026
4626940	Scratch the Ticket	2026
4664920	Wiseman: No More Breakups	2026
4921770	MANIC MINER	0
5020290	Spellsteel	2026
5156990	俄羅斯方塊	2026
3480	Peggle Deluxe	2007
24800	《終極動員令：紅色警戒 3》起義時刻	2009
48190	Assassin’s Creed® Brotherhood	2011
200210	Realm of the Mad God Exalt	2012
214510	LEGO® The Lord of the Rings™	2012
238010	Deus Ex: Human Revolution - Director's Cut	2013
263420	Probably Archery	2014
330830	Tales from the Borderlands	2021
334230	Town of Salem	2014
359390	Amnesia™: Memories	2015
370090	Axis Football 2015	2015
373930	Sudden Strike 4	2017
405310	LEGO® MARVEL's Avengers	2016
452870	Cube Blast Match	2025
458830	Snooker Nation Championship	2016
547480	Carly and the Reaperman - Escape from the Underworld	2018
588750	King Of Dirt	2017
590690	Sprint Vector	2018
610370	Desperados III	2020
616520	Cheap Golf	2018
620590	Ancestors Legacy	2018
687850	Head Goal: Soccer Online	2017
695330	SEASON: A letter to the future	2023
765810	Mars Horizon	2020
790060	The Void Rains Upon Her Heart	2018
807120	Iratus: Lord of the Dead	2020
811320	Jupiter Hell	2021
898580	Premium Bowling	2019
992070	Idle Wizard	2019
1046480	偶像大師 星耀季節	2021
1165870	Mahou Arms	2026
1179080	FAITH: The Unholy Trinity	2022
1291340	Townscaper	2021
1340140	DRACU-RIOT!	2026
1495860	What The Dub?!	2021
1510440	Honeycomb: The World Beyond	2026
1578650	Citizen Sleeper	2022
1602930	跟小佩学西语	2021
1621310	蘇菲的鍊金工房２ ～不可思議夢的鍊金術士～	2022
1711690	Aran's Bike Trip	2021
1718910	Prose & Codes	2022
1743850	HYPER DEMON	2022
1747900	Enchanted Blacksmith	2023
1807810	The Axis Unseen	2024
1816640	Modern Naval Warfare	2026
1827650	Star Knightess Aura	2025
1860510	Total Conflict: Resistance	2023
1867450	How To Bathe Your Cat: Impossible Mission	2022
1952920	Strikers Club	2026
2004680	Voidling Bound	2026
2021910	FPS Chess	2022
2098160	深空渦旋 Star Vortex	2025
2139290	One Tank Army	2023
2198800	CRUMB Circuit Simulator	2022
2209680	Beach Invasion 1944	2022
2351560	零號計劃2：天啟派對	2023
2413720	Date with Foxgirl	2023
2424650	Froggy's Battle	2023
2437670	Dagger Directive	2026
2518490	Dataminers	2026
2627410	Boxing School 2	2025